project_id	archive_name	archive_root	candidate_root	workspace_root	relative_candidate_path	source_type	source_url	display_name	entrypoint_type	framework	runtime	package_manager	lockfile	build_required	build_command	dev_command	output_directory	html_is_complete_document	html_is_fragment	css_files	script_files	remote_scripts	remote_stylesheets	uses_jsx	uses_ts	uses_tsx	uses_react	uses_vue	uses_svelte	uses_scss	uses_less	uses_pug	uses_webgl	uses_canvas	uses_svg_filters	uses_external_assets	requires_workspace_context	license_status	content_hash	name_collision	notes
glasslab-glassmorphism-main-glassmorphism-main	glassmorphism-main	/Users/lekan/Dev/glass-projects-lab/originals/glassmorphism-main	/Users/lekan/Dev/glass-projects-lab/originals/glassmorphism-main/glassmorphism-main	/Users/lekan/Dev/glass-projects-lab/originals/glassmorphism-main/glassmorphism-main	glassmorphism-main	github	https://github.com/lekandigital/glass-projects-lab	Glassmorphism Main Glassmorphism Main	html-document	static-html	browser	npm		False				True	False	css-examples/css/global.css,css-examples/css/card-base.css,css-examples/css/card-1.css,css-examples/css/card-2.css,css-examples/css/card-3.css,css-examples/css/card-nesting.css,css-examples/css/card-stacking.css,twcss-examples/css/signup-card-dark.css,twcss-examples/css/signup-card.css,twcss-examples/css/food-card.css		https://cdn.tailwindcss.com		False	False	False	False	False	False	False	False	False	False	False	False	True	False	unknown	196149687a53b4692afd46f94a4a9c1332d65122dffc72a0800a91bc8ee5a7a8	False	
glasslab-glass-refraction-master-1-glass-refraction-master	glass-refraction-master-1	/Users/lekan/Dev/glass-projects-lab/originals/glass-refraction-master-1	/Users/lekan/Dev/glass-projects-lab/originals/glass-refraction-master-1/glass-refraction-master	/Users/lekan/Dev/glass-projects-lab/originals/glass-refraction-master-1/glass-refraction-master	glass-refraction-master	github	https://github.com/lekandigital/glass-projects-lab	Glass Refraction Master 1 Glass Refraction Master	package-app	react	browser	npm	package-lock.json	True	npm run build	npm run dev	dist	False	False	src/css/glass.css	tsup.config.ts,examples/nextjs/page.tsx,src/index.ts,src/react/GlassCard.tsx,src/react/GlassFilters.tsx,src/react/GlassPill.tsx,src/react/index.ts,src/react/Glass.tsx			False	True	True	True	False	False	False	False	False	True	False	True	False	False	unknown	c257900a44f008f3ba306634a2c0ae3efb3a3fe82be00e4097fc35dec8c4674b	False	
glasslab-glass-refraction-master-1-glass-refraction-master-examples-vanilla	glass-refraction-master-1	/Users/lekan/Dev/glass-projects-lab/originals/glass-refraction-master-1	/Users/lekan/Dev/glass-projects-lab/originals/glass-refraction-master-1/glass-refraction-master/examples/vanilla	/Users/lekan/Dev/glass-projects-lab/originals/glass-refraction-master-1/glass-refraction-master/examples/vanilla	glass-refraction-master/examples/vanilla	github	https://github.com/lekandigital/glass-projects-lab	Glass Refraction Master 1 Glass Refraction Master Examples Vanilla	html-document	static-html	browser	npm		False				True	False					False	False	False	True	False	False	False	False	False	False	False	True	False	False	unknown	68820a9a7d5fc2afea9ba95c2d521947896616c65f825020fcc6cbafce11bb32	False	
glasslab-css-glass-main-css-glass-main	css-glass-main	/Users/lekan/Dev/glass-projects-lab/originals/css-glass-main	/Users/lekan/Dev/glass-projects-lab/originals/css-glass-main/css.glass-main	/Users/lekan/Dev/glass-projects-lab/originals/css-glass-main/css.glass-main	css.glass-main	github	https://github.com/lekandigital/glass-projects-lab	Css Glass Main Css.Glass Main	package-app	static-html	browser	pnpm	pnpm-lock.yaml	True	pnpm run build	pnpm run dev	dist	False	False	assets/css/main.css,assets/css/general.css	nuxt.config.js,plugins/vue-clipboard2.js,components/UXCanvasBanner.vue,components/Slider.vue,components/Preview.vue,components/Editor.vue,components/ApplyFoxBanner.vue,components/ScatteredPreviewPanels.vue,components/ColorPicker.vue,layouts/default.vue,pages/index.vue			False	False	False	False	True	False	False	False	False	False	True	False	False	False	unknown	6a93024029c096e0d53a2ccf3fd40dda0885c948a262d8803eecbea7ce723c0d	False	
glasslab-slider-button-liquid-glass-apple-ios-262025-slider-button-liquid-glass-apple-ios-262025-src	slider-button-liquid-glass-apple-ios-262025	/Users/lekan/Dev/glass-projects-lab/originals/slider-button-liquid-glass-apple-ios-262025	/Users/lekan/Dev/glass-projects-lab/originals/slider-button-liquid-glass-apple-ios-262025/slider-button-liquid-glass-apple-ios-262025/src	/Users/lekan/Dev/glass-projects-lab/originals/slider-button-liquid-glass-apple-ios-262025/slider-button-liquid-glass-apple-ios-262025/src	slider-button-liquid-glass-apple-ios-262025/src	github	https://github.com/lekandigital/glass-projects-lab	Slider Button Liquid Glass Apple Ios 262025 Slider Button Liquid Glass Apple Ios 262025 Src	html-fragment	html-fragment	browser	npm		False				False	True	style.css	script.js			False	False	False	False	False	False	False	False	False	False	False	True	False	False	unknown	3c4e14b4aff47af342db40b8013d245703c6379216905d5449b8b383d980e93f	False	
glasslab-glass-model-1-glass-model-src	glass-model-1	/Users/lekan/Dev/glass-projects-lab/originals/glass-model-1	/Users/lekan/Dev/glass-projects-lab/originals/glass-model-1/glass-model/src	/Users/lekan/Dev/glass-projects-lab/originals/glass-model-1/glass-model/src	glass-model/src	github	https://github.com/lekandigital/glass-projects-lab	Glass Model 1 Glass Model Src	html-fragment	html-fragment	browser	npm		False				False	True	style.css				False	False	False	False	False	False	False	False	False	False	False	False	False	False	unknown	ee63634fb0a1249cf5e904aee409a1569c699f4a2898a4a764232049560af695	False	
glasslab-cross-browser-liquid-toggle-drag-tap-cross-browser-liquid-toggle-drag-tap-src	cross-browser-liquid-toggle-drag-tap	/Users/lekan/Dev/glass-projects-lab/originals/cross-browser-liquid-toggle-drag-tap	/Users/lekan/Dev/glass-projects-lab/originals/cross-browser-liquid-toggle-drag-tap/cross-browser-liquid-toggle-drag-tap/src	/Users/lekan/Dev/glass-projects-lab/originals/cross-browser-liquid-toggle-drag-tap/cross-browser-liquid-toggle-drag-tap/src	cross-browser-liquid-toggle-drag-tap/src	github	https://github.com/lekandigital/glass-projects-lab	Cross Browser Liquid Toggle Drag Tap Cross Browser Liquid Toggle Drag Tap Src	html-fragment	html-fragment	browser	npm		False				False	True	style.css	script.js	https://esm.sh/gsap@3.13.0,https://esm.sh/gsap@3.13.0/Draggable,https://esm.sh/tweakpane@4.0.4		False	False	False	False	False	False	False	False	False	False	True	False	True	False	unknown	1e243f4b27094b869d2b8cb9f688f0a88c1151970d34bb4b6cd59d9a2cab7de0	False	
glasslab-liquid-glass-effect-wwdc25-liquid-glass-effect-wwdc25-src	liquid-glass-effect-wwdc25	/Users/lekan/Dev/glass-projects-lab/originals/liquid-glass-effect-wwdc25	/Users/lekan/Dev/glass-projects-lab/originals/liquid-glass-effect-wwdc25/liquid-glass-effect-wwdc25/src	/Users/lekan/Dev/glass-projects-lab/originals/liquid-glass-effect-wwdc25/liquid-glass-effect-wwdc25/src	liquid-glass-effect-wwdc25/src	github	https://github.com/lekandigital/glass-projects-lab	Liquid Glass Effect Wwdc25 Liquid Glass Effect Wwdc25 Src	html-document	static-html	browser	npm		False				True	False	style.css				False	False	False	False	False	False	False	False	False	False	False	True	False	False	unknown	f5bdee0eb49dc89ec340802f672dcbc364f6abd84c53efa903c968d5b0a93997	False	
glasslab-7-css-main-7-css-main	7-css-main	/Users/lekan/Dev/glass-projects-lab/originals/7-css-main	/Users/lekan/Dev/glass-projects-lab/originals/7-css-main/7.css-main	/Users/lekan/Dev/glass-projects-lab/originals/7-css-main/7.css-main	7.css-main	github	https://github.com/lekandigital/glass-projects-lab	7 Css Main 7.Css Main	package-app	static-html	browser	npm	package-lock.json	True	npm run build		dist	False	False	docs/vs.css,docs/docs.css,gui/_progressbar.scss,gui/_variables.scss,gui/index.scss,gui/_typography.scss,gui/_radiobutton.scss,gui/_checkbox.scss,gui/_window.scss,gui/_listview.scss,gui/_groupbox.scss,gui/_combobox.scss,gui/_balloon.scss,gui/_button.scss,gui/_textbox.scss,gui/_tabs.scss,gui/_treeview.scss,gui/_menu.scss,gui/_slider.scss,gui/_collapse.scss,gui/_spinner.scss,gui/_scrollbar.scss,gui/_searchbox.scss,gui/_listbox.scss,gui/_dropdown.scss	server.js,build.js,docs/script.js			True	False	False	True	False	False	True	False	False	False	False	False	False	False	unknown	70c7b8895468980c0693bb7da438e08fd7220576f4dc95e722757075096a38ba	False	
glasslab-liquid-glass-main-liquid-glass-main	liquid-glass-main	/Users/lekan/Dev/glass-projects-lab/originals/liquid-glass-main	/Users/lekan/Dev/glass-projects-lab/originals/liquid-glass-main/liquid-glass-main	/Users/lekan/Dev/glass-projects-lab/originals/liquid-glass-main/liquid-glass-main	liquid-glass-main	github	https://github.com/lekandigital/glass-projects-lab	Liquid Glass Main Liquid Glass Main	html-document	static-html	browser	npm		False				True	False	index.css	bg-picker.js	https://cdnjs.cloudflare.com/ajax/libs/three.js/r128/three.min.js		False	False	False	False	False	False	False	False	False	True	True	True	True	False	unknown	ef3a17337490fd79ea1b3582794d37f45c92c782aa6d7446abecf3abde6f3cc4	False	
glasslab-7-aero-stylesheet-main-7-aero-stylesheet-main	7-aero-stylesheet-main	/Users/lekan/Dev/glass-projects-lab/originals/7-aero-stylesheet-main	/Users/lekan/Dev/glass-projects-lab/originals/7-aero-stylesheet-main/7-Aero-Stylesheet-main	/Users/lekan/Dev/glass-projects-lab/originals/7-aero-stylesheet-main/7-Aero-Stylesheet-main	7-Aero-Stylesheet-main	github	https://github.com/lekandigital/glass-projects-lab	7 Aero Stylesheet Main 7 Aero Stylesheet Main	html-document	static-html	browser	npm		False				True	False	aero.css,stylesheet.css	TaskbarGradient.js,WindowDrag.js			False	False	False	False	False	False	False	False	False	False	True	False	False	False	unknown	d347872c6942f9677ed67ba8a0ca113b9b94a543634de6f8872faf4ad7f6864b	False	
glasslab-glass-button-css-only-1-glass-button-css-only-src	glass-button-css-only-1	/Users/lekan/Dev/glass-projects-lab/originals/glass-button-css-only-1	/Users/lekan/Dev/glass-projects-lab/originals/glass-button-css-only-1/glass-button-css-only/src	/Users/lekan/Dev/glass-projects-lab/originals/glass-button-css-only-1/glass-button-css-only/src	glass-button-css-only/src	github	https://github.com/lekandigital/glass-projects-lab	Glass Button Css Only 1 Glass Button Css Only Src	html-fragment	html-fragment	browser	npm		False				False	True	style.css				False	False	False	False	False	False	False	False	False	False	False	True	False	False	unknown	b264017ca784cd3d1d9703c0cc7d143041792407327e995239aaecc15c81e395	False	
glasslab-pure-css-ios-26-liquid-glass-effect-pure-css-ios-26-liquid-glass-effect-src	pure-css-ios-26-liquid-glass-effect	/Users/lekan/Dev/glass-projects-lab/originals/pure-css-ios-26-liquid-glass-effect	/Users/lekan/Dev/glass-projects-lab/originals/pure-css-ios-26-liquid-glass-effect/pure-css-ios-26-liquid-glass-effect/src	/Users/lekan/Dev/glass-projects-lab/originals/pure-css-ios-26-liquid-glass-effect/pure-css-ios-26-liquid-glass-effect/src	pure-css-ios-26-liquid-glass-effect/src	github	https://github.com/lekandigital/glass-projects-lab	Pure Css Ios 26 Liquid Glass Effect Pure Css Ios 26 Liquid Glass Effect Src	html-fragment	html-fragment	browser	npm		False				False	True	style.css				False	False	False	False	False	False	False	False	False	False	False	True	False	False	unknown	beeaeb70aa3b5cbca732fda318f91de4fae04af11d6767dbc147a685b8b4304e	False	
glasslab-apple-liquid-glass-from-lucasromerodb-liquid-glass-effect-macos-apple-liquid-glass-from-lucasromerodb-liquid-glass-effect-macos-src	apple-liquid-glass-from-lucasromerodb-liquid-glass-effect-macos	/Users/lekan/Dev/glass-projects-lab/originals/apple-liquid-glass-from-lucasromerodb-liquid-glass-effect-macos	/Users/lekan/Dev/glass-projects-lab/originals/apple-liquid-glass-from-lucasromerodb-liquid-glass-effect-macos/apple-liquid-glass-from-lucasromerodb-liquid-glass-effect-macos/src	/Users/lekan/Dev/glass-projects-lab/originals/apple-liquid-glass-from-lucasromerodb-liquid-glass-effect-macos/apple-liquid-glass-from-lucasromerodb-liquid-glass-effect-macos/src	apple-liquid-glass-from-lucasromerodb-liquid-glass-effect-macos/src	github	https://github.com/lekandigital/glass-projects-lab	Apple Liquid Glass From Lucasromerodb Liquid Glass Effect Macos Apple Liquid Glass From Lucasromerodb Liquid Glass Effect Macos Src	html-fragment	html-fragment	browser	npm		False				False	True	style.css				False	False	False	False	False	False	False	False	False	False	False	True	False	False	unknown	a70f9df2f7a8763cf4334a57d5eed4fca3d72c9b98dd58a34965d90042da0ea2	False	
glasslab-liquid-glass-scroll-drag-configure-chromium-liquid-glass-scroll-drag-configure-chromium-src	liquid-glass-scroll-drag-configure-chromium	/Users/lekan/Dev/glass-projects-lab/originals/liquid-glass-scroll-drag-configure-chromium	/Users/lekan/Dev/glass-projects-lab/originals/liquid-glass-scroll-drag-configure-chromium/liquid-glass-scroll-drag-configure-chromium/src	/Users/lekan/Dev/glass-projects-lab/originals/liquid-glass-scroll-drag-configure-chromium/liquid-glass-scroll-drag-configure-chromium/src	liquid-glass-scroll-drag-configure-chromium/src	github	https://github.com/lekandigital/glass-projects-lab	Liquid Glass Scroll Drag Configure Chromium Liquid Glass Scroll Drag Configure Chromium Src	html-fragment	html-fragment	browser	npm		False				False	True	style.css	script.js	https://esm.sh/gsap@3.13.0/Draggable,https://esm.sh/gsap@3.13.0,https://esm.sh/tweakpane@4.0.4		True	False	False	True	False	False	False	False	False	False	True	True	True	False	unknown	2c906d1e6582091411029521351ede30b282c45233fc204adaa95100c87142fe	False	
glasslab-liquidgl-main-liquidgl-main	liquidgl-main	/Users/lekan/Dev/glass-projects-lab/originals/liquidgl-main	/Users/lekan/Dev/glass-projects-lab/originals/liquidgl-main/liquidGL-main	/Users/lekan/Dev/glass-projects-lab/originals/liquidgl-main/liquidGL-main	liquidGL-main	github	https://github.com/lekandigital/glass-projects-lab	Liquidgl Main Liquidgl Main	html-document	static-html	browser	npm		False				True	False		scripts/liquidGL.js,scripts/jquery.ripples-min.js,scripts/html2canvas.min.js,package/liquidGL.js	https://cdn.jsdelivr.net/npm/@studio-freight/lenis@1.0.42/dist/lenis.min.js,https://cdn.jsdelivr.net/npm/gsap@3.13.0/dist/SplitText.min.js,https://cdn.jsdelivr.net/npm/gsap@3.13.0/dist/gsap.min.js,https://cdn.jsdelivr.net/npm/lil-gui@0.20/dist/lil-gui.umd.min.js,https://cdn.jsdelivr.net/npm/lil-gui@0.19.1/dist/lil-gui.umd.min.js,https://cdn.jsdelivr.net/npm/jquery.ripples@0.6.3/dist/jquery.ripples.min.js,https://code.jquery.com/jquery-3.7.1.min.js,https://cdn.jsdelivr.net/npm/gsap@3.13.0/dist/ScrollTrigger.min.js		True	False	False	True	False	False	True	False	False	True	True	False	True	False	unknown	97703ac400cbb1a9a081a21f3d273efbb49a48d88f48262277dfc5234ce74852	False	
glasslab-frontend-projects-main-frontend-projects-main-tictactoe-vanilla	frontend-projects-main	/Users/lekan/Dev/glass-projects-lab/originals/frontend-projects-main	/Users/lekan/Dev/glass-projects-lab/originals/frontend-projects-main/Frontend-Projects-main/tictactoe (vanilla)	/Users/lekan/Dev/glass-projects-lab/originals/frontend-projects-main/Frontend-Projects-main/tictactoe (vanilla)	Frontend-Projects-main/tictactoe (vanilla)	github	https://github.com/lekandigital/glass-projects-lab	Frontend Projects Main Frontend Projects Main Tictactoe (Vanilla)	html-document	static-html	browser	npm		False				True	False	assets/style.css	assets/script.js			False	False	False	False	False	False	False	False	False	False	False	False	False	False	unknown	db282624cec7c208abdfb7852effe1821115001b7bdb594b67fa55afca995feb	False	
glasslab-frontend-projects-main-frontend-projects-main-css-if-function	frontend-projects-main	/Users/lekan/Dev/glass-projects-lab/originals/frontend-projects-main	/Users/lekan/Dev/glass-projects-lab/originals/frontend-projects-main/Frontend-Projects-main/css-if-function	/Users/lekan/Dev/glass-projects-lab/originals/frontend-projects-main/Frontend-Projects-main/css-if-function	Frontend-Projects-main/css-if-function	github	https://github.com/lekandigital/glass-projects-lab	Frontend Projects Main Frontend Projects Main Css If Function	html-document	static-html	browser	npm		False				True	False	style.css				False	False	False	False	False	False	False	False	False	False	False	False	False	False	unknown	69914860a1b973724f88abc5270bf3bf80e5a670af969953da3ee2c45309cf8d	False	
glasslab-frontend-projects-main-frontend-projects-main-weeklyhow-custom-storefront	frontend-projects-main	/Users/lekan/Dev/glass-projects-lab/originals/frontend-projects-main	/Users/lekan/Dev/glass-projects-lab/originals/frontend-projects-main/Frontend-Projects-main/weeklyhow-custom-storefront	/Users/lekan/Dev/glass-projects-lab/originals/frontend-projects-main/Frontend-Projects-main/weeklyhow-custom-storefront	Frontend-Projects-main/weeklyhow-custom-storefront	github	https://github.com/lekandigital/glass-projects-lab	Frontend Projects Main Frontend Projects Main Weeklyhow Custom Storefront	package-app	react	browser	npm	package-lock.json	True	npm run build	npm run dev	dist	False	False	app/styles/app.css	remix.config.js,server.js,app/root.jsx,app/entry.client.jsx,app/entry.server.jsx,app/routes/_index.jsx			True	False	False	True	False	False	False	False	False	False	False	False	False	False	unknown	1f424e946ff9e7f011ed4aec73a07e0d5de0f4db8c836dde0e50d9ce7c0f3554	False	
glasslab-frontend-projects-main-frontend-projects-main-tictactoe	frontend-projects-main	/Users/lekan/Dev/glass-projects-lab/originals/frontend-projects-main	/Users/lekan/Dev/glass-projects-lab/originals/frontend-projects-main/Frontend-Projects-main/tictactoe	/Users/lekan/Dev/glass-projects-lab/originals/frontend-projects-main/Frontend-Projects-main/tictactoe	Frontend-Projects-main/tictactoe	github	https://github.com/lekandigital/glass-projects-lab	Frontend Projects Main Frontend Projects Main Tictactoe	package-app	react	browser	npm	package-lock.json	True	npm run build		dist	False	False	src/index.css,src/Assets/style.css	src/reportWebVitals.js,src/index.js,src/App.test.js,src/setupTests.js,src/App.js,src/Components/Board.jsx,src/Components/Game.jsx			True	False	False	True	False	False	False	False	False	False	False	False	False	False	unknown	4580ce971fd8f50deb711948ae2bc7d5f1a344282f197f21d08d2678930c743d	False	
glasslab-frontend-projects-main-frontend-projects-main-tictactoe-public	frontend-projects-main	/Users/lekan/Dev/glass-projects-lab/originals/frontend-projects-main	/Users/lekan/Dev/glass-projects-lab/originals/frontend-projects-main/Frontend-Projects-main/tictactoe/public	/Users/lekan/Dev/glass-projects-lab/originals/frontend-projects-main/Frontend-Projects-main/tictactoe/public	Frontend-Projects-main/tictactoe/public	github	https://github.com/lekandigital/glass-projects-lab	Frontend Projects Main Frontend Projects Main Tictactoe Public	html-document	static-html	browser	npm		False				True	False					False	False	False	True	False	False	False	False	False	False	False	False	False	False	unknown	ab1e6112a660e7071a84449a7d530b2fc6e12590e372a0d1d3909ca0b06ea4b6	False	
glasslab-frontend-projects-main-frontend-projects-main-prime-vue-project	frontend-projects-main	/Users/lekan/Dev/glass-projects-lab/originals/frontend-projects-main	/Users/lekan/Dev/glass-projects-lab/originals/frontend-projects-main/Frontend-Projects-main/prime-vue-project	/Users/lekan/Dev/glass-projects-lab/originals/frontend-projects-main/Frontend-Projects-main/prime-vue-project	Frontend-Projects-main/prime-vue-project	github	https://github.com/lekandigital/glass-projects-lab	Frontend Projects Main Frontend Projects Main Prime Vue Project	html-document	vue	browser	npm	package-lock.json	True	npm run build	npm run dev	dist	True	False	src/style.css	components.d.ts,vite.config.ts,src/App.vue,src/main.ts,src/vite-env.d.ts,src/components/Navbar.vue,src/components/HelloWorld.vue,src/components/Footer.vue,src/components/AppCard.vue,src/components/code/composition.vue,src/components/code/options.vue			False	True	False	False	True	False	False	False	False	False	False	False	False	False	unknown	46fac345d313d1d9818d51a1427f75b05a42c905035f7f26d13902186ce50ec7	False	
glasslab-frontend-projects-main-frontend-projects-main-vuetify-project	frontend-projects-main	/Users/lekan/Dev/glass-projects-lab/originals/frontend-projects-main	/Users/lekan/Dev/glass-projects-lab/originals/frontend-projects-main/Frontend-Projects-main/vuetify-project	/Users/lekan/Dev/glass-projects-lab/originals/frontend-projects-main/Frontend-Projects-main/vuetify-project	Frontend-Projects-main/vuetify-project	github	https://github.com/lekandigital/glass-projects-lab	Frontend Projects Main Frontend Projects Main Vuetify Project	html-document	vue	browser	npm	package-lock.json	True	npm run build	npm run dev	dist	True	False	src/styles/settings.scss	components.d.ts,eslint.config.js,typed-router.d.ts,auto-imports.d.ts,src/App.vue,src/main.js,src/plugins/index.js,src/plugins/vuetify.js,src/stores/index.js,src/stores/app.js,src/components/HelloWorld.vue,src/components/AppCard.vue,src/components/AppHeader.vue,src/components/AppFooter.vue,src/layouts/default.vue,src/pages/index.vue,src/pages/homepage_second.vue,src/pages/homepage_third.vue,src/pages/homepage_first.vue,src/router/index.js			False	True	False	True	True	False	True	False	False	False	False	False	False	False	unknown	29c60bfdfd2b63dd060601c8ed2965be7289f5f80405323c3d52043a6d9f9e54	False	
glasslab-frontend-projects-main-frontend-projects-main-weeklyhow-instantsearch	frontend-projects-main	/Users/lekan/Dev/glass-projects-lab/originals/frontend-projects-main	/Users/lekan/Dev/glass-projects-lab/originals/frontend-projects-main/Frontend-Projects-main/weeklyhow-instantsearch	/Users/lekan/Dev/glass-projects-lab/originals/frontend-projects-main/Frontend-Projects-main/weeklyhow-instantsearch	Frontend-Projects-main/weeklyhow-instantsearch	github	https://github.com/lekandigital/glass-projects-lab	Frontend Projects Main Frontend Projects Main Weeklyhow Instantsearch	html-document	react	browser	yarn	yarn.lock	True	yarn run build		dist	True	False	src/App.css	src/index.tsx,src/App.tsx,src/Panel.tsx,src/Autocomplete.tsx		https://cdn.jsdelivr.net/npm/instantsearch.css@8/themes/satellite-min.css	False	False	True	True	False	False	False	False	False	True	False	False	True	False	unknown	4d7358fae5023d701b5e0acc86a0596e6ebd89546fbf4d91eafd3198d7991213	False	
glasslab-frontend-projects-main-frontend-projects-main-task-manager-app	frontend-projects-main	/Users/lekan/Dev/glass-projects-lab/originals/frontend-projects-main	/Users/lekan/Dev/glass-projects-lab/originals/frontend-projects-main/Frontend-Projects-main/task-manager-app	/Users/lekan/Dev/glass-projects-lab/originals/frontend-projects-main/Frontend-Projects-main/task-manager-app	Frontend-Projects-main/task-manager-app	github	https://github.com/lekandigital/glass-projects-lab	Frontend Projects Main Frontend Projects Main Task Manager App	package-app	static-html	browser	npm	package-lock.json	True	npm run build		dist	False	False	client/tailwindcss/input.css,client/src/index.css	server/server.js,server/config/db.config.js,server/utils/database.js,client/tailwind.config.js,client/src/index.js,client/src/Main.js,client/src/context/AuthContext.ts,client/src/components/Loading.js,client/src/components/ListItem.js,client/src/components/Auth.js,client/src/components/Navigation.js,client/src/components/UrgencyBar.js,client/src/components/Modal.js,client/src/components/Footer.js,client/src/hooks/Types.ts,client/src/hooks/useAuth.ts,client/src/hooks/useUser.ts,client/src/hooks/useLocalStorage.ts,client/src/pages/Profile.js,client/src/pages/App.js,client/src/services/taskApi.js,client/src/services/userApi.js			True	True	False	True	False	False	False	False	False	False	True	False	False	False	unknown	d74d18dcfe604527228c2e7fa48ed186e34e812f5bc78694e25fab36e287a619	False	
glasslab-frontend-projects-main-frontend-projects-main-task-manager-app-client	frontend-projects-main	/Users/lekan/Dev/glass-projects-lab/originals/frontend-projects-main	/Users/lekan/Dev/glass-projects-lab/originals/frontend-projects-main/Frontend-Projects-main/task-manager-app/client	/Users/lekan/Dev/glass-projects-lab/originals/frontend-projects-main/Frontend-Projects-main/task-manager-app/client	Frontend-Projects-main/task-manager-app/client	github	https://github.com/lekandigital/glass-projects-lab	Frontend Projects Main Frontend Projects Main Task Manager App Client	package-app	react	browser	npm	package-lock.json	True	npm run build		dist	False	False	tailwindcss/input.css,src/index.css	tailwind.config.js,src/index.js,src/Main.js,src/context/AuthContext.ts,src/components/Loading.js,src/components/ListItem.js,src/components/Auth.js,src/components/Navigation.js,src/components/UrgencyBar.js,src/components/Modal.js,src/components/Footer.js,src/hooks/Types.ts,src/hooks/useAuth.ts,src/hooks/useUser.ts,src/hooks/useLocalStorage.ts,src/pages/Profile.js,src/pages/App.js,src/services/taskApi.js,src/services/userApi.js			True	True	False	True	False	False	False	False	False	False	True	False	False	False	unknown	b70a26a10a5bf6a5c3db5febbcfc5fb7a819533cb9cb60f74f97f94b47be0f25	False	
glasslab-frontend-projects-main-frontend-projects-main-task-manager-app-client-public	frontend-projects-main	/Users/lekan/Dev/glass-projects-lab/originals/frontend-projects-main	/Users/lekan/Dev/glass-projects-lab/originals/frontend-projects-main/Frontend-Projects-main/task-manager-app/client/public	/Users/lekan/Dev/glass-projects-lab/originals/frontend-projects-main/Frontend-Projects-main/task-manager-app/client/public	Frontend-Projects-main/task-manager-app/client/public	github	https://github.com/lekandigital/glass-projects-lab	Frontend Projects Main Frontend Projects Main Task Manager App Client Public	html-document	static-html	browser	npm		False				True	False					False	False	False	True	False	False	False	False	False	False	False	False	False	False	unknown	ccb5e745984276dff82a1b6c63bbc88b09da35113d7fa6455c7ff890391c7653	False	
glasslab-frontend-projects-main-frontend-projects-main-liquid-glass-vue	frontend-projects-main	/Users/lekan/Dev/glass-projects-lab/originals/frontend-projects-main	/Users/lekan/Dev/glass-projects-lab/originals/frontend-projects-main/Frontend-Projects-main/liquid-glass-vue	/Users/lekan/Dev/glass-projects-lab/originals/frontend-projects-main/Frontend-Projects-main/liquid-glass-vue	Frontend-Projects-main/liquid-glass-vue	github	https://github.com/lekandigital/glass-projects-lab	Frontend Projects Main Frontend Projects Main Liquid Glass Vue	html-document	vue	browser	npm	package-lock.json	True	npm run build	npm run dev	dist	True	False	src/assets/main.css,src/assets/base.css	vite.config.js,src/App.vue,src/main.js,src/components/AppGlassmorphism.vue,src/components/AppCard.vue,src/components/icons/IconCommunity.vue,src/components/icons/IconSupport.vue,src/components/icons/IconTooling.vue,src/components/icons/IconDocumentation.vue,src/components/icons/IconEcosystem.vue			False	False	False	False	True	False	False	False	False	False	False	True	False	False	unknown	95af541f776c153512f91609f3517b5408347c35f50d27f5a1f7ba79ae1f75f5	False	
glasslab-frontend-projects-main-frontend-projects-main-advanced-javascript-class-word-guess-game-app	frontend-projects-main	/Users/lekan/Dev/glass-projects-lab/originals/frontend-projects-main	/Users/lekan/Dev/glass-projects-lab/originals/frontend-projects-main/Frontend-Projects-main/advanced-javascript-class/word-guess-game/app	/Users/lekan/Dev/glass-projects-lab/originals/frontend-projects-main/Frontend-Projects-main/advanced-javascript-class/word-guess-game/app	Frontend-Projects-main/advanced-javascript-class/word-guess-game/app	github	https://github.com/lekandigital/glass-projects-lab	Frontend Projects Main Frontend Projects Main Advanced Javascript Class Word Guess Game App	package-app	react	browser	npm	package-lock.json	True	npm run build		dist	False	False	tailwindcss/input.css,src/App.css,src/index.css	tailwind.config.js,src/index.js,src/App.js,src/utils/api.js,src/components/Game.js,src/components/Guess.js,src/components/Header.js			True	False	False	True	False	False	False	False	False	False	True	False	False	False	unknown	1354ddbf53753b71a5fe4263f96d1f937b2b4bdbd0da08ad45703afd232f9b4f	False	
glasslab-frontend-projects-main-frontend-projects-main-advanced-javascript-class-word-guess-game-app-public	frontend-projects-main	/Users/lekan/Dev/glass-projects-lab/originals/frontend-projects-main	/Users/lekan/Dev/glass-projects-lab/originals/frontend-projects-main/Frontend-Projects-main/advanced-javascript-class/word-guess-game/app/public	/Users/lekan/Dev/glass-projects-lab/originals/frontend-projects-main/Frontend-Projects-main/advanced-javascript-class/word-guess-game/app/public	Frontend-Projects-main/advanced-javascript-class/word-guess-game/app/public	github	https://github.com/lekandigital/glass-projects-lab	Frontend Projects Main Frontend Projects Main Advanced Javascript Class Word Guess Game App Public	html-document	static-html	browser	npm		False				True	False					False	False	False	True	False	False	False	False	False	False	False	False	False	False	unknown	ab1e6112a660e7071a84449a7d530b2fc6e12590e372a0d1d3909ca0b06ea4b6	False	
glasslab-frontend-projects-main-frontend-projects-main-movie-instantsearch	frontend-projects-main	/Users/lekan/Dev/glass-projects-lab/originals/frontend-projects-main	/Users/lekan/Dev/glass-projects-lab/originals/frontend-projects-main/Frontend-Projects-main/movie-instantsearch	/Users/lekan/Dev/glass-projects-lab/originals/frontend-projects-main/Frontend-Projects-main/movie-instantsearch	Frontend-Projects-main/movie-instantsearch	github	https://github.com/lekandigital/glass-projects-lab	Frontend Projects Main Frontend Projects Main Movie Instantsearch	html-document	react	browser	yarn	yarn.lock	True	yarn run build		dist	True	False	src/App.css	src/index.tsx,src/App.tsx,src/Panel.tsx,src/components/VoiceSearch.tsx		https://cdn.jsdelivr.net/npm/instantsearch.css@8/themes/satellite-min.css	False	False	True	True	False	False	False	False	False	False	False	False	True	False	unknown	e33f52e89e4555d5cd4b67b074e0eafd213e963797c621c1d45af6f5d7197903	False	
glasslab-liquid-glass-effect-liquid-glass-effect-src	liquid-glass-effect	/Users/lekan/Dev/glass-projects-lab/originals/liquid-glass-effect	/Users/lekan/Dev/glass-projects-lab/originals/liquid-glass-effect/liquid-glass-effect/src	/Users/lekan/Dev/glass-projects-lab/originals/liquid-glass-effect/liquid-glass-effect/src	liquid-glass-effect/src	github	https://github.com/lekandigital/glass-projects-lab	Liquid Glass Effect Liquid Glass Effect Src	html-fragment	html-fragment	browser	npm		False				False	True	style.css	script.js			False	False	False	False	False	False	False	False	False	False	False	True	False	False	unknown	8fb9ee178bf19906239e265ba64726b88045ed256cea2c5c60be0e1d72b4e3c5	False	
glasslab-liquid-glass-menu-liquid-glass-menu-src	liquid-glass-menu	/Users/lekan/Dev/glass-projects-lab/originals/liquid-glass-menu	/Users/lekan/Dev/glass-projects-lab/originals/liquid-glass-menu/liquid-glass-menu/src	/Users/lekan/Dev/glass-projects-lab/originals/liquid-glass-menu/liquid-glass-menu/src	liquid-glass-menu/src	github	https://github.com/lekandigital/glass-projects-lab	Liquid Glass Menu Liquid Glass Menu Src	html-fragment	html-fragment	browser	npm		False				False	True	style.scss	script.js			False	False	False	False	False	False	False	False	False	False	False	True	False	False	unknown	09eed3ba8c8c7c1d8609ae5823cad0bb1fbec4fa04bad81ff7e9989bd64c5b2c	False	
glasslab-press-starthot-wheels-aerial-pursuit-liquid-glass-navigation-press-starthot-wheels-aerial-pursuit-liquid-glass-navigation-src	press-starthot-wheels-aerial-pursuit-liquid-glass-navigation	/Users/lekan/Dev/glass-projects-lab/originals/press-starthot-wheels-aerial-pursuit-liquid-glass-navigation	/Users/lekan/Dev/glass-projects-lab/originals/press-starthot-wheels-aerial-pursuit-liquid-glass-navigation/press-starthot-wheels-aerial-pursuit-liquid-glass-navigation/src	/Users/lekan/Dev/glass-projects-lab/originals/press-starthot-wheels-aerial-pursuit-liquid-glass-navigation/press-starthot-wheels-aerial-pursuit-liquid-glass-navigation/src	press-starthot-wheels-aerial-pursuit-liquid-glass-navigation/src	github	https://github.com/lekandigital/glass-projects-lab	Press Starthot Wheels Aerial Pursuit Liquid Glass Navigation Press Starthot Wheels Aerial Pursuit Liquid Glass Navigation Src	html-fragment	html-fragment	browser	npm		False				False	True	style.css	script.js			False	False	False	False	False	False	False	False	False	False	False	True	False	False	unknown	97aba3e7555670cc45fc36202ff544885d9b9b311c7670746d1905cef6b6aa1c	False	
glasslab-glass-like-css-1-glass-like-css-src	glass-like-css-1	/Users/lekan/Dev/glass-projects-lab/originals/glass-like-css-1	/Users/lekan/Dev/glass-projects-lab/originals/glass-like-css-1/glass-like-css/src	/Users/lekan/Dev/glass-projects-lab/originals/glass-like-css-1/glass-like-css/src	glass-like-css/src	github	https://github.com/lekandigital/glass-projects-lab	Glass Like Css 1 Glass Like Css Src	html-fragment	html-fragment	browser	npm		False				False	True	style.css				False	False	False	False	False	False	False	False	False	False	False	False	False	False	unknown	5b610dd1baf5c9861cd2f27b8178b0988c19edff6b3ca9fda7c67da81f9c84e3	False	
glasslab-liquid-glass-cubiq-liquid-glass-cubiq-src	liquid-glass-cubiq	/Users/lekan/Dev/glass-projects-lab/originals/liquid-glass-cubiq	/Users/lekan/Dev/glass-projects-lab/originals/liquid-glass-cubiq/liquid-glass-cubiq/src	/Users/lekan/Dev/glass-projects-lab/originals/liquid-glass-cubiq/liquid-glass-cubiq/src	liquid-glass-cubiq/src	github	https://github.com/lekandigital/glass-projects-lab	Liquid Glass Cubiq Liquid Glass Cubiq Src	html-fragment	html-fragment	browser	npm		False				False	True	style.css	script.js			False	False	False	False	False	False	False	False	False	False	False	True	False	False	unknown	e3a44701b3eb06064a19790c9ea35fdf3cb44647c7745409cd0e57a65cfb0218	False	
glasslab-svg-liquid-glass-1-svg-liquid-glass-src	svg-liquid-glass-1	/Users/lekan/Dev/glass-projects-lab/originals/svg-liquid-glass-1	/Users/lekan/Dev/glass-projects-lab/originals/svg-liquid-glass-1/svg-liquid-glass/src	/Users/lekan/Dev/glass-projects-lab/originals/svg-liquid-glass-1/svg-liquid-glass/src	svg-liquid-glass/src	github	https://github.com/lekandigital/glass-projects-lab	Svg Liquid Glass 1 Svg Liquid Glass Src	html-fragment	html-fragment	browser	npm		False				False	True	style.css	script.js	https://esm.sh/preact		True	False	False	True	False	False	False	False	False	False	False	True	True	False	unknown	0d631f76ba3959325ca5796de81cda922393313e1cc9225b4cf2ad3b549d1cfa	False	
glasslab-liquid-glass-6-liquid-glass-src	liquid-glass-6	/Users/lekan/Dev/glass-projects-lab/originals/liquid-glass-6	/Users/lekan/Dev/glass-projects-lab/originals/liquid-glass-6/liquid-glass/src	/Users/lekan/Dev/glass-projects-lab/originals/liquid-glass-6/liquid-glass/src	liquid-glass/src	github	https://github.com/lekandigital/glass-projects-lab	Liquid Glass 6 Liquid Glass Src	html-fragment	html-fragment	browser	npm		False				False	True	style.scss	script.js			False	False	False	False	False	False	False	False	False	False	False	True	False	False	unknown	8c3482639ce7e19a684b9e5cfc53bcd5b6b03be7057bf49f9b5d7530eae8e9b9	False	
glasslab-ios-liquid-glass-ios-liquid-glass-src	ios-liquid-glass	/Users/lekan/Dev/glass-projects-lab/originals/ios-liquid-glass	/Users/lekan/Dev/glass-projects-lab/originals/ios-liquid-glass/ios-liquid-glass/src	/Users/lekan/Dev/glass-projects-lab/originals/ios-liquid-glass/ios-liquid-glass/src	ios-liquid-glass/src	github	https://github.com/lekandigital/glass-projects-lab	Ios Liquid Glass Ios Liquid Glass Src	html-fragment	html-fragment	browser	npm		False				False	True	style.css	script.js			False	False	False	False	True	False	False	False	False	False	False	True	False	False	unknown	6659d1e6b8814143ec5abd8f9e2bdf02b8b303bb99fdb3ae25c49f5c29e6e9dc	False	
glasslab-apple-liquid-glass-ui-2025-apple-liquid-glass-ui-2025-src	apple-liquid-glass-ui-2025	/Users/lekan/Dev/glass-projects-lab/originals/apple-liquid-glass-ui-2025	/Users/lekan/Dev/glass-projects-lab/originals/apple-liquid-glass-ui-2025/apple-liquid-glass-ui-2025/src	/Users/lekan/Dev/glass-projects-lab/originals/apple-liquid-glass-ui-2025/apple-liquid-glass-ui-2025/src	apple-liquid-glass-ui-2025/src	github	https://github.com/lekandigital/glass-projects-lab	Apple Liquid Glass Ui 2025 Apple Liquid Glass Ui 2025 Src	html-fragment	html-fragment	browser	npm		False				False	True	style.css				False	False	False	False	False	False	False	False	False	False	False	True	False	False	unknown	2bfa0c8993656269cbc466787bea2aac2dfefd46058bde322ac177aaa0685353	False	
glasslab-pure-css-glassmorphism-liquid-glass-ui-kit-1-pure-css-glassmorphism-liquid-glass-ui-kit-src	pure-css-glassmorphism-liquid-glass-ui-kit-1	/Users/lekan/Dev/glass-projects-lab/originals/pure-css-glassmorphism-liquid-glass-ui-kit-1	/Users/lekan/Dev/glass-projects-lab/originals/pure-css-glassmorphism-liquid-glass-ui-kit-1/pure-css-glassmorphism-liquid-glass-ui-kit/src	/Users/lekan/Dev/glass-projects-lab/originals/pure-css-glassmorphism-liquid-glass-ui-kit-1/pure-css-glassmorphism-liquid-glass-ui-kit/src	pure-css-glassmorphism-liquid-glass-ui-kit/src	github	https://github.com/lekandigital/glass-projects-lab	Pure Css Glassmorphism Liquid Glass Ui Kit 1 Pure Css Glassmorphism Liquid Glass Ui Kit Src	html-fragment	html-fragment	browser	npm		False				False	True	style.css	script.js			True	False	False	True	False	False	False	False	False	False	False	False	False	False	unknown	35b8f4e01dc93d7b727744322bab591e2ca41d8c73e09a87eadd519acd970bdc	False	
glasslab-select-dropdown-with-appearance-base-select-liquid-glass-1-select-dropdown-with-appearance-base-select-liquid-glass-src	select-dropdown-with-appearance-base-select-liquid-glass-1	/Users/lekan/Dev/glass-projects-lab/originals/select-dropdown-with-appearance-base-select-liquid-glass-1	/Users/lekan/Dev/glass-projects-lab/originals/select-dropdown-with-appearance-base-select-liquid-glass-1/select-dropdown-with-appearance-base-select-liquid-glass/src	/Users/lekan/Dev/glass-projects-lab/originals/select-dropdown-with-appearance-base-select-liquid-glass-1/select-dropdown-with-appearance-base-select-liquid-glass/src	select-dropdown-with-appearance-base-select-liquid-glass/src	github	https://github.com/lekandigital/glass-projects-lab	Select Dropdown With Appearance Base Select Liquid Glass 1 Select Dropdown With Appearance Base Select Liquid Glass Src	html-fragment	html-fragment	browser	npm		False				False	True	style.css	script.js			False	False	False	False	False	False	False	False	False	False	False	True	False	False	unknown	92e12220f3d131249830901cc7c09e840015f463e38c9935ab264796ebed12a4	False	
glasslab-liquid-dom-master-1-liquid-dom-master	liquid-dom-master-1	/Users/lekan/Dev/glass-projects-lab/originals/liquid-dom-master-1	/Users/lekan/Dev/glass-projects-lab/originals/liquid-dom-master-1/liquid-dom-master	/Users/lekan/Dev/glass-projects-lab/originals/liquid-dom-master-1/liquid-dom-master	liquid-dom-master	github	https://github.com/lekandigital/glass-projects-lab	Liquid Dom Master 1 Liquid Dom Master	package-app	static-html	browser	pnpm	pnpm-lock.yaml	True	pnpm run build	pnpm run dev	dist	False	False	demo/three-react/src/style.css,demo/minimal/src/App.css,demo/minimal/src/index.css,demo/three/src/style.css,demo/three-layout/src/style.css,demo/showcase/src/App.module.css,demo/showcase/src/style.css,demo/showcase/src/demos/FakeVideo.module.css,demo/showcase/src/demos/MusicSidebarDemo.module.css,demo/showcase/src/demos/R3FIntegrationDemo.module.css,demo/showcase/src/demos/ControlCenterDemo.module.css,demo/showcase/src/demos/MenuDemo.module.css,demo/showcase/src/demos/IosNotificationDemo.module.css,demo/showcase/src/demos/VideoControlsDemo.module.css,demo/showcase/src/demos/NotificationCenterDemo.module.css,demo/three-r3f/src/style.css,demo/blending/src/styles.css,packages/layout/playground/src/style.css	demo/three-react/vite.config.ts,demo/three-react/src/main.tsx,demo/minimal/vite.config.ts,demo/minimal/src/App.tsx,demo/minimal/src/main.tsx,demo/minimal/src/demos/TinyGlassDemo.tsx,demo/minimal/src/demos/PointerEventsDemo.tsx,demo/minimal/src/demos/SdfOverlapDemo.tsx,demo/minimal/src/demos/DraggableGlassDemo.tsx,demo/minimal/src/demos/backgroundImageStore.ts,demo/minimal/src/demos/shared.ts,demo/minimal/src/demos/DomMeasurementDemo.tsx,demo/minimal/src/demos/LayoutSceneDemo.tsx,demo/minimal/src/demos/AnimationDemo.tsx,demo/minimal/src/demos/SimpleLayoutSceneDemo.tsx,demo/minimal/src/demos/HtmlLayersDemo.tsx,demo/three/vite.config.ts,demo/three/src/main.ts,demo/three-layout/vite.config.ts,demo/three-layout/src/main.ts,demo/three-layout/src/three-examples.d.ts,demo/three-layout/src/types.ts,demo/three-layout/src/config.ts,demo/three-layout/src/app/animation.ts,demo/three-layout/src/app/ThreeLayoutDemo.ts,demo/three-layout/src/layout/layoutState.ts,demo/three-layout/src/layout/Grid2x3.ts,demo/three-layout/src/layout/MeasuredLeaf.ts,demo/three-layout/src/layout/rects.ts,demo/three-layout/src/three/geometry.ts,demo/three-layout/src/three/assets.ts,demo/three-layout/src/three/camera.ts,demo/three-layout/src/three/scene.ts,demo/three-layout/src/three/materials.ts,demo/three-layout/src/views/title.ts,demo/three-layout/src/views/panel.ts,demo/three-layout/src/views/rectMesh.ts,demo/three-layout/src/views/tile.ts,demo/showcase/vite.config.ts,demo/showcase/src/App.tsx,demo/showcase/src/main.tsx,demo/showcase/src/demos/VideoControlsDemo.tsx,demo/showcase/src/demos/ControlCenterDemo.tsx,demo/showcase/src/demos/NotificationCenterDemo.tsx,demo/showcase/src/demos/MenuDemo.tsx,demo/showcase/src/demos/R3FIntegrationDemo.tsx,demo/showcase/src/demos/IosNotificationDemo.tsx,demo/showcase/src/demos/FakeVideo.tsx,demo/showcase/src/demos/MusicSidebarDemo.tsx,demo/three-r3f/vite.config.ts,demo/three-r3f/src/main.tsx,demo/blending/vite.config.ts,demo/blending/src/BlendingWebGpuCanvas.tsx,demo/blending/src/App.tsx,demo/blending/src/main.tsx,demo/blending/src/geometry.ts,demo/blending/src/BoundsOverlay.tsx,demo/blending/src/types.ts,demo/blending/src/constants.ts,demo/blending/src/BlendingScene.tsx,demo/blending/src/interaction.ts,demo/blending/src/controls.tsx,packages/core/tsup.config.ts,packages/core/vitest.config.ts,packages/core/tests/adaptive-blur.test.ts,packages/core/tests/layout.test.ts,packages/core/tests/pointer-controller.test.ts,packages/core/tests/stacking-context.test.ts,packages/core/tests/specular.test.ts,packages/core/src/shaders.ts,packages/core/src/corner-smoothing.ts,packages/core/src/sdf.ts,packages/core/src/types.ts,packages/core/src/scene.ts,packages/core/src/layout.ts,packages/core/src/events.ts,packages/core/src/sdf-utils.ts,packages/core/src/index.ts,packages/core/src/matrix.ts,packages/core/src/renderer/pointer-controller.ts,packages/core/src/renderer/content-source.ts,packages/core/src/renderer/gpu-pass.ts,packages/core/src/renderer/dom-content-source.ts,packages/core/src/renderer/content.ts,packages/core/src/renderer/dom-content-sync.ts,packages/core/src/renderer/scene-order.ts,packages/core/src/renderer/backdrop-metrics-state.ts,packages/core/src/renderer/core.ts,packages/core/src/renderer/shader-layouts.ts,packages/core/src/renderer/gpu-constants.ts,packages/core/src/renderer/gpu-targets.ts,packages/core/src/renderer/index.ts,packages/core/src/renderer/interaction.ts,packages/core/src/renderer/adaptive-blur.ts,packages/core/src/renderer/gpu-layout.ts,packages/core/src/renderer/metrics.ts,packages/layout/tsup.config.ts,packages/layout/vitest.config.ts,packages/layout/playground/vite.config.ts,packages/layout/playground/src/App.tsx,packages/layout/playground/src/main.tsx,packages/layout/playground/src/tabs/AnimatedExamplesTab.tsx,packages/layout/playground/src/tabs/PerfProfileTab.tsx,packages/layout/playground/src/tabs/DomLeavesTab.tsx,packages/layout/playground/src/tabs/LayoutCasesTab.tsx,packages/layout/playground/src/tabs/StressTestTab.tsx,packages/layout/playground/src/lib/stress.ts,packages/layout/playground/src/lib/visual.tsx,packages/layout/playground/src/lib/perf.ts,packages/layout/tests/playground.test.ts,packages/layout/tests/core.test.ts,packages/layout/tests/dom.test.ts,packages/layout/src/dom.ts,packages/layout/src/layouts.ts,packages/layout/src/node.ts,packages/layout/src/utils.ts,packages/layout/src/engine.ts,packages/layout/src/animation.ts,packages/layout/src/types.ts,packages/layout/src/global.d.ts,packages/layout/src/index.ts,packages/r3f/tsup.config.ts,packages/r3f/src/index.tsx,packages/three/tsup.config.ts,packages/three/src/index.ts,packages/react/tsup.config.ts,packages/react/vitest.config.ts,packages/react/tests/react.test.tsx,packages/react/src/animation.ts,packages/react/src/animatedProps.ts,packages/react/src/tree.tsx,packages/react/src/types.ts,packages/react/src/components.tsx,packages/react/src/index.ts,packages/react/src/canvas.tsx,packages/react/src/animationConfig.tsx			False	True	True	True	False	False	False	False	False	True	True	False	False	False	unknown	62476edb55a9f4b970b72a557f04c86276383319bec5f02cd79887f01ad280fe	False	
glasslab-liquid-dom-master-1-liquid-dom-master-demo-three-react	liquid-dom-master-1	/Users/lekan/Dev/glass-projects-lab/originals/liquid-dom-master-1	/Users/lekan/Dev/glass-projects-lab/originals/liquid-dom-master-1/liquid-dom-master/demo/three-react	/Users/lekan/Dev/glass-projects-lab/originals/liquid-dom-master-1/liquid-dom-master	liquid-dom-master/demo/three-react	github	https://github.com/lekandigital/glass-projects-lab	Liquid Dom Master 1 Liquid Dom Master Demo Three React	html-document	react	browser	pnpm	pnpm-lock.yaml	True	pnpm run build	pnpm run dev	dist	True	False	src/style.css	vite.config.ts,src/main.tsx			False	True	True	True	False	False	False	False	False	True	True	False	False	True	unknown	b8657ac0d12761c3aae2f21f9c79f01e2f2c4c710a13f8e6c43268b9e62d9d9b	False	
glasslab-liquid-dom-master-1-liquid-dom-master-demo-minimal	liquid-dom-master-1	/Users/lekan/Dev/glass-projects-lab/originals/liquid-dom-master-1	/Users/lekan/Dev/glass-projects-lab/originals/liquid-dom-master-1/liquid-dom-master/demo/minimal	/Users/lekan/Dev/glass-projects-lab/originals/liquid-dom-master-1/liquid-dom-master	liquid-dom-master/demo/minimal	github	https://github.com/lekandigital/glass-projects-lab	Liquid Dom Master 1 Liquid Dom Master Demo Minimal	html-document	react	browser	pnpm	pnpm-lock.yaml	True	pnpm run build	pnpm run dev	dist	True	False	src/App.css,src/index.css	vite.config.ts,src/App.tsx,src/main.tsx,src/demos/TinyGlassDemo.tsx,src/demos/PointerEventsDemo.tsx,src/demos/SdfOverlapDemo.tsx,src/demos/DraggableGlassDemo.tsx,src/demos/backgroundImageStore.ts,src/demos/shared.ts,src/demos/DomMeasurementDemo.tsx,src/demos/LayoutSceneDemo.tsx,src/demos/AnimationDemo.tsx,src/demos/SimpleLayoutSceneDemo.tsx,src/demos/HtmlLayersDemo.tsx			False	True	True	True	False	False	False	False	False	True	True	False	False	True	unknown	dca5cba1b9264c7db9fcc07c19185498e4eb12f7fe298407358eb630e679c11d	False	
glasslab-liquid-dom-master-1-liquid-dom-master-demo-three	liquid-dom-master-1	/Users/lekan/Dev/glass-projects-lab/originals/liquid-dom-master-1	/Users/lekan/Dev/glass-projects-lab/originals/liquid-dom-master-1/liquid-dom-master/demo/three	/Users/lekan/Dev/glass-projects-lab/originals/liquid-dom-master-1/liquid-dom-master	liquid-dom-master/demo/three	github	https://github.com/lekandigital/glass-projects-lab	Liquid Dom Master 1 Liquid Dom Master Demo Three	html-document	vite-vanilla	browser	pnpm	pnpm-lock.yaml	True	pnpm run build	pnpm run dev	dist	True	False	src/style.css	vite.config.ts,src/main.ts			False	True	False	False	False	False	False	False	False	True	True	False	False	True	unknown	f2653e1faad6fd5500dbe0d4b95611af6f6539b88e7f736e00ce7a79044a26ab	False	
glasslab-liquid-dom-master-1-liquid-dom-master-demo-three-layout	liquid-dom-master-1	/Users/lekan/Dev/glass-projects-lab/originals/liquid-dom-master-1	/Users/lekan/Dev/glass-projects-lab/originals/liquid-dom-master-1/liquid-dom-master/demo/three-layout	/Users/lekan/Dev/glass-projects-lab/originals/liquid-dom-master-1/liquid-dom-master	liquid-dom-master/demo/three-layout	github	https://github.com/lekandigital/glass-projects-lab	Liquid Dom Master 1 Liquid Dom Master Demo Three Layout	html-document	vite-vanilla	browser	pnpm	pnpm-lock.yaml	True	pnpm run build	pnpm run dev	dist	True	False	src/style.css	vite.config.ts,src/main.ts,src/three-examples.d.ts,src/types.ts,src/config.ts,src/app/animation.ts,src/app/ThreeLayoutDemo.ts,src/layout/layoutState.ts,src/layout/Grid2x3.ts,src/layout/MeasuredLeaf.ts,src/layout/rects.ts,src/three/geometry.ts,src/three/assets.ts,src/three/camera.ts,src/three/scene.ts,src/three/materials.ts,src/views/title.ts,src/views/panel.ts,src/views/rectMesh.ts,src/views/tile.ts			False	True	False	False	False	False	False	False	False	True	True	False	False	True	unknown	9900e4c03165b27ee2ae5f51b58c524a2a93373d85a2305e0ccaad1799fe7c73	False	
glasslab-liquid-dom-master-1-liquid-dom-master-demo-showcase	liquid-dom-master-1	/Users/lekan/Dev/glass-projects-lab/originals/liquid-dom-master-1	/Users/lekan/Dev/glass-projects-lab/originals/liquid-dom-master-1/liquid-dom-master/demo/showcase	/Users/lekan/Dev/glass-projects-lab/originals/liquid-dom-master-1/liquid-dom-master	liquid-dom-master/demo/showcase	github	https://github.com/lekandigital/glass-projects-lab	Liquid Dom Master 1 Liquid Dom Master Demo Showcase	html-document	react	browser	pnpm	pnpm-lock.yaml	True	pnpm run build	pnpm run dev	dist	True	False	src/App.module.css,src/style.css,src/demos/FakeVideo.module.css,src/demos/MusicSidebarDemo.module.css,src/demos/R3FIntegrationDemo.module.css,src/demos/ControlCenterDemo.module.css,src/demos/MenuDemo.module.css,src/demos/IosNotificationDemo.module.css,src/demos/VideoControlsDemo.module.css,src/demos/NotificationCenterDemo.module.css	vite.config.ts,src/App.tsx,src/main.tsx,src/demos/VideoControlsDemo.tsx,src/demos/ControlCenterDemo.tsx,src/demos/NotificationCenterDemo.tsx,src/demos/MenuDemo.tsx,src/demos/R3FIntegrationDemo.tsx,src/demos/IosNotificationDemo.tsx,src/demos/FakeVideo.tsx,src/demos/MusicSidebarDemo.tsx			False	True	True	True	False	False	False	False	False	True	True	False	False	True	unknown	4eed64c93e7d35c03d82fa7d74181ed0a429596171d81e36df8a213759f3837b	False	
glasslab-liquid-dom-master-1-liquid-dom-master-demo-three-r3f	liquid-dom-master-1	/Users/lekan/Dev/glass-projects-lab/originals/liquid-dom-master-1	/Users/lekan/Dev/glass-projects-lab/originals/liquid-dom-master-1/liquid-dom-master/demo/three-r3f	/Users/lekan/Dev/glass-projects-lab/originals/liquid-dom-master-1/liquid-dom-master	liquid-dom-master/demo/three-r3f	github	https://github.com/lekandigital/glass-projects-lab	Liquid Dom Master 1 Liquid Dom Master Demo Three R3F	html-document	react	browser	pnpm	pnpm-lock.yaml	True	pnpm run build	pnpm run dev	dist	True	False	src/style.css	vite.config.ts,src/main.tsx			False	True	True	True	False	False	False	False	False	True	True	False	False	True	unknown	1db1a962f9e1431d53a5d7f8fce6bc1e33e3736345117aa957fd3c0b4260d653	False	
glasslab-liquid-dom-master-1-liquid-dom-master-demo-blending	liquid-dom-master-1	/Users/lekan/Dev/glass-projects-lab/originals/liquid-dom-master-1	/Users/lekan/Dev/glass-projects-lab/originals/liquid-dom-master-1/liquid-dom-master/demo/blending	/Users/lekan/Dev/glass-projects-lab/originals/liquid-dom-master-1/liquid-dom-master	liquid-dom-master/demo/blending	github	https://github.com/lekandigital/glass-projects-lab	Liquid Dom Master 1 Liquid Dom Master Demo Blending	html-document	react	browser	pnpm	pnpm-lock.yaml	True	pnpm run build	pnpm run dev	dist	True	False	src/styles.css	vite.config.ts,src/BlendingWebGpuCanvas.tsx,src/App.tsx,src/main.tsx,src/geometry.ts,src/BoundsOverlay.tsx,src/types.ts,src/constants.ts,src/BlendingScene.tsx,src/interaction.ts,src/controls.tsx			False	True	True	True	False	False	False	False	False	False	True	False	False	True	unknown	64c287d8ff2b3a400b94b4def3a5e18fd093a57386d493acbea3e615d874d1c8	False	
glasslab-liquid-dom-master-1-liquid-dom-master-packages-core	liquid-dom-master-1	/Users/lekan/Dev/glass-projects-lab/originals/liquid-dom-master-1	/Users/lekan/Dev/glass-projects-lab/originals/liquid-dom-master-1/liquid-dom-master/packages/core	/Users/lekan/Dev/glass-projects-lab/originals/liquid-dom-master-1/liquid-dom-master	liquid-dom-master/packages/core	github	https://github.com/lekandigital/glass-projects-lab	Liquid Dom Master 1 Liquid Dom Master Packages Core	package-app	static-html	browser	pnpm	pnpm-lock.yaml	True	pnpm run build	pnpm run dev	dist	False	False		tsup.config.ts,vitest.config.ts,tests/adaptive-blur.test.ts,tests/layout.test.ts,tests/pointer-controller.test.ts,tests/stacking-context.test.ts,tests/specular.test.ts,src/shaders.ts,src/corner-smoothing.ts,src/sdf.ts,src/types.ts,src/scene.ts,src/layout.ts,src/events.ts,src/sdf-utils.ts,src/index.ts,src/matrix.ts,src/renderer/pointer-controller.ts,src/renderer/content-source.ts,src/renderer/gpu-pass.ts,src/renderer/dom-content-source.ts,src/renderer/content.ts,src/renderer/dom-content-sync.ts,src/renderer/scene-order.ts,src/renderer/backdrop-metrics-state.ts,src/renderer/core.ts,src/renderer/shader-layouts.ts,src/renderer/gpu-constants.ts,src/renderer/gpu-targets.ts,src/renderer/index.ts,src/renderer/interaction.ts,src/renderer/adaptive-blur.ts,src/renderer/gpu-layout.ts,src/renderer/metrics.ts			False	True	False	False	False	False	False	False	False	True	True	False	False	True	unknown	ff78d1f9f5f970b5d438e719de5b1e13cfdff5da1373d4152a92bfd9feae0ed7	False	
glasslab-liquid-dom-master-1-liquid-dom-master-packages-layout	liquid-dom-master-1	/Users/lekan/Dev/glass-projects-lab/originals/liquid-dom-master-1	/Users/lekan/Dev/glass-projects-lab/originals/liquid-dom-master-1/liquid-dom-master/packages/layout	/Users/lekan/Dev/glass-projects-lab/originals/liquid-dom-master-1/liquid-dom-master	liquid-dom-master/packages/layout	github	https://github.com/lekandigital/glass-projects-lab	Liquid Dom Master 1 Liquid Dom Master Packages Layout	package-app	react	browser	pnpm	pnpm-lock.yaml	True	pnpm run build	pnpm run dev	dist	False	False	playground/src/style.css	tsup.config.ts,vitest.config.ts,playground/vite.config.ts,playground/src/App.tsx,playground/src/main.tsx,playground/src/tabs/AnimatedExamplesTab.tsx,playground/src/tabs/PerfProfileTab.tsx,playground/src/tabs/DomLeavesTab.tsx,playground/src/tabs/LayoutCasesTab.tsx,playground/src/tabs/StressTestTab.tsx,playground/src/lib/stress.ts,playground/src/lib/visual.tsx,playground/src/lib/perf.ts,tests/playground.test.ts,tests/core.test.ts,tests/dom.test.ts,src/dom.ts,src/layouts.ts,src/node.ts,src/utils.ts,src/engine.ts,src/animation.ts,src/types.ts,src/global.d.ts,src/index.ts			False	True	True	True	False	False	False	False	False	True	True	False	False	True	unknown	a4ac09a0a330ae4faa4cc8a1caf01223ac194b5f61b2c672c16b10719607fe91	False	
glasslab-liquid-dom-master-1-liquid-dom-master-packages-layout-playground	liquid-dom-master-1	/Users/lekan/Dev/glass-projects-lab/originals/liquid-dom-master-1	/Users/lekan/Dev/glass-projects-lab/originals/liquid-dom-master-1/liquid-dom-master/packages/layout/playground	/Users/lekan/Dev/glass-projects-lab/originals/liquid-dom-master-1/liquid-dom-master	liquid-dom-master/packages/layout/playground	github	https://github.com/lekandigital/glass-projects-lab	Liquid Dom Master 1 Liquid Dom Master Packages Layout Playground	html-document	static-html	browser	pnpm	pnpm-lock.yaml	False				True	False	src/style.css	vite.config.ts,src/App.tsx,src/main.tsx,src/tabs/AnimatedExamplesTab.tsx,src/tabs/PerfProfileTab.tsx,src/tabs/DomLeavesTab.tsx,src/tabs/LayoutCasesTab.tsx,src/tabs/StressTestTab.tsx,src/lib/stress.ts,src/lib/visual.tsx,src/lib/perf.ts			False	True	True	True	False	False	False	False	False	False	False	False	False	True	unknown	80b2347b6ec247084f8627788087f4004857d9e32f4f3c9fa6c3bc67b08d6f1a	False	
glasslab-liquid-dom-master-1-liquid-dom-master-packages-r3f	liquid-dom-master-1	/Users/lekan/Dev/glass-projects-lab/originals/liquid-dom-master-1	/Users/lekan/Dev/glass-projects-lab/originals/liquid-dom-master-1/liquid-dom-master/packages/r3f	/Users/lekan/Dev/glass-projects-lab/originals/liquid-dom-master-1/liquid-dom-master	liquid-dom-master/packages/r3f	github	https://github.com/lekandigital/glass-projects-lab	Liquid Dom Master 1 Liquid Dom Master Packages R3F	package-app	react	browser	pnpm	pnpm-lock.yaml	True	pnpm run build	pnpm run dev	dist	False	False		tsup.config.ts,src/index.tsx			False	True	True	True	False	False	False	False	False	True	True	False	False	True	unknown	f1c7c3f883a8d808cf0bbf89ec8ae7008b6ff83f8ce78408cf4319cc74c23993	False	
glasslab-liquid-dom-master-1-liquid-dom-master-packages-three	liquid-dom-master-1	/Users/lekan/Dev/glass-projects-lab/originals/liquid-dom-master-1	/Users/lekan/Dev/glass-projects-lab/originals/liquid-dom-master-1/liquid-dom-master/packages/three	/Users/lekan/Dev/glass-projects-lab/originals/liquid-dom-master-1/liquid-dom-master	liquid-dom-master/packages/three	github	https://github.com/lekandigital/glass-projects-lab	Liquid Dom Master 1 Liquid Dom Master Packages Three	package-app	static-html	browser	pnpm	pnpm-lock.yaml	True	pnpm run build	pnpm run dev	dist	False	False		tsup.config.ts,src/index.ts			False	True	False	False	False	False	False	False	False	True	True	False	False	True	unknown	2fe58d251ab6f3fb2505ae2d3f13e2f7bfdc777c5a8c39bb5fe19ba2fb63bad3	False	
glasslab-liquid-dom-master-1-liquid-dom-master-packages-react	liquid-dom-master-1	/Users/lekan/Dev/glass-projects-lab/originals/liquid-dom-master-1	/Users/lekan/Dev/glass-projects-lab/originals/liquid-dom-master-1/liquid-dom-master/packages/react	/Users/lekan/Dev/glass-projects-lab/originals/liquid-dom-master-1/liquid-dom-master	liquid-dom-master/packages/react	github	https://github.com/lekandigital/glass-projects-lab	Liquid Dom Master 1 Liquid Dom Master Packages React	package-app	react	browser	pnpm	pnpm-lock.yaml	True	pnpm run build	pnpm run dev	dist	False	False		tsup.config.ts,vitest.config.ts,tests/react.test.tsx,src/animation.ts,src/animatedProps.ts,src/tree.tsx,src/types.ts,src/components.tsx,src/index.ts,src/canvas.tsx,src/animationConfig.tsx			False	True	True	True	False	False	False	False	False	True	True	False	False	True	unknown	652469598c03ff644669420c921ab50c1e7a01729dd53c6f19365d00224c3c8b	False	
glasslab-untitled-6-untitled-src	untitled-6	/Users/lekan/Dev/glass-projects-lab/originals/untitled-6	/Users/lekan/Dev/glass-projects-lab/originals/untitled-6/untitled/src	/Users/lekan/Dev/glass-projects-lab/originals/untitled-6/untitled/src	untitled/src	github	https://github.com/lekandigital/glass-projects-lab	Untitled 6 Untitled Src	html-fragment	html-fragment	browser	npm		False				False	True	style.css				False	False	False	False	False	False	False	False	False	False	False	False	False	False	unknown	d0767d087f49d3a3be9b3f257dced047de85a133c84c1f7cfd2c41ed75b47de0	False	
glasslab-liquid-glass-js-main-liquid-glass-js-main	liquid-glass-js-main	/Users/lekan/Dev/glass-projects-lab/originals/liquid-glass-js-main	/Users/lekan/Dev/glass-projects-lab/originals/liquid-glass-js-main/liquid-glass-js-main	/Users/lekan/Dev/glass-projects-lab/originals/liquid-glass-js-main/liquid-glass-js-main	liquid-glass-js-main	github	https://github.com/lekandigital/glass-projects-lab	Liquid Glass Js Main Liquid Glass Js Main	html-document	static-html	browser	npm		False				True	False	demo.css,styles.css,controls.css,glass.css	controls.js,demo.js,button.js,container.js	https://cdn.jsdelivr.net/npm/html2canvas@1.4.1/dist/html2canvas.min.js		False	False	False	False	False	False	False	False	False	True	True	False	True	False	unknown	d97767e56bf791da5f89ab7dfb0040db9271b1fd4db4872e33f5df9b782802ae	False	
glasslab-liquid-glass-components-1-liquid-glass-components-src	liquid-glass-components-1	/Users/lekan/Dev/glass-projects-lab/originals/liquid-glass-components-1	/Users/lekan/Dev/glass-projects-lab/originals/liquid-glass-components-1/liquid-glass-components/src	/Users/lekan/Dev/glass-projects-lab/originals/liquid-glass-components-1/liquid-glass-components/src	liquid-glass-components/src	github	https://github.com/lekandigital/glass-projects-lab	Liquid Glass Components 1 Liquid Glass Components Src	html-fragment	html-fragment	browser	npm		False				False	True	style.css	script.js			True	False	False	True	False	False	False	False	False	False	False	True	False	False	unknown	627da6c824fb1cdf54bf82f3872d5351bdcd0363dcb1b51123ff6122b4001b35	False	
glasslab-liquid-glass-tainwildcss-1-liquid-glass-tainwildcss-src	liquid-glass-tainwildcss-1	/Users/lekan/Dev/glass-projects-lab/originals/liquid-glass-tainwildcss-1	/Users/lekan/Dev/glass-projects-lab/originals/liquid-glass-tainwildcss-1/liquid-glass-tainwildcss/src	/Users/lekan/Dev/glass-projects-lab/originals/liquid-glass-tainwildcss-1/liquid-glass-tainwildcss/src	liquid-glass-tainwildcss/src	github	https://github.com/lekandigital/glass-projects-lab	Liquid Glass Tainwildcss 1 Liquid Glass Tainwildcss Src	html-fragment	html-fragment	browser	npm		False				False	True	style.css	script.js			False	False	False	False	False	False	False	False	False	False	False	False	False	False	unknown	c96eccad152b0af872c552b98f1fcb6e64a246e52b2ca92f2983b22f40dad420	False	
glasslab-liquid-glass-fluid-movement-1-liquid-glass-fluid-movement-src	liquid-glass-fluid-movement-1	/Users/lekan/Dev/glass-projects-lab/originals/liquid-glass-fluid-movement-1	/Users/lekan/Dev/glass-projects-lab/originals/liquid-glass-fluid-movement-1/liquid-glass-fluid-movement/src	/Users/lekan/Dev/glass-projects-lab/originals/liquid-glass-fluid-movement-1/liquid-glass-fluid-movement/src	liquid-glass-fluid-movement/src	github	https://github.com/lekandigital/glass-projects-lab	Liquid Glass Fluid Movement 1 Liquid Glass Fluid Movement Src	html-document	static-html	browser	npm		False				True	False	style.css	script.js			True	False	False	True	False	False	False	False	False	False	False	True	False	False	unknown	15eea9351703fbd0acad5b18e907626fbb212b92dd77cd7be1fc91efedab26e3	False	
glasslab-liquid-glass-react-master-liquid-glass-react-master	liquid-glass-react-master	/Users/lekan/Dev/glass-projects-lab/originals/liquid-glass-react-master	/Users/lekan/Dev/glass-projects-lab/originals/liquid-glass-react-master/liquid-glass-react-master	/Users/lekan/Dev/glass-projects-lab/originals/liquid-glass-react-master/liquid-glass-react-master	liquid-glass-react-master	github	https://github.com/lekandigital/glass-projects-lab	Liquid Glass React Master Liquid Glass React Master	package-app	react	browser	npm	package-lock.json	True	npm run build	npm run dev	dist	False	False	liquid-glass-example/src/styles/globals.css	esbuild.config.js,liquid-glass-example/next.config.ts,liquid-glass-example/src/pages/index.tsx,liquid-glass-example/src/pages/_document.tsx,liquid-glass-example/src/pages/_app.tsx,liquid-glass-example/src/pages/api/hello.ts,src/index.tsx,src/shader-utils.ts,src/utils.ts			False	True	True	True	True	False	True	False	False	False	True	True	False	False	unknown	e5b8d5cabc03813b78ffa9d5b37a5a4d26fbb9065b4e338927b2ae5bb2009085	False	
glasslab-liquid-glass-react-master-liquid-glass-react-master-liquid-glass-example	liquid-glass-react-master	/Users/lekan/Dev/glass-projects-lab/originals/liquid-glass-react-master	/Users/lekan/Dev/glass-projects-lab/originals/liquid-glass-react-master/liquid-glass-react-master/liquid-glass-example	/Users/lekan/Dev/glass-projects-lab/originals/liquid-glass-react-master/liquid-glass-react-master	liquid-glass-react-master/liquid-glass-example	github	https://github.com/lekandigital/glass-projects-lab	Liquid Glass React Master Liquid Glass React Master Liquid Glass Example	package-app	nextjs	browser	npm	package-lock.json	True	npm run build	npm run dev	.next	False	False	src/styles/globals.css	next.config.ts,src/pages/index.tsx,src/pages/_document.tsx,src/pages/_app.tsx,src/pages/api/hello.ts			False	True	True	True	False	False	False	False	False	False	False	False	False	True	unknown	2d56f8badbbca95b1e5b4723a1283a364839fd0bc423fc3bd0d17279217dce04	False	
glasslab-apple-liquid-glass-1-apple-liquid-glass-src	apple-liquid-glass-1	/Users/lekan/Dev/glass-projects-lab/originals/apple-liquid-glass-1	/Users/lekan/Dev/glass-projects-lab/originals/apple-liquid-glass-1/apple-liquid-glass/src	/Users/lekan/Dev/glass-projects-lab/originals/apple-liquid-glass-1/apple-liquid-glass/src	apple-liquid-glass/src	github	https://github.com/lekandigital/glass-projects-lab	Apple Liquid Glass 1 Apple Liquid Glass Src	html-fragment	html-fragment	browser	npm		False				False	True	style.css	script.js	https://esm.sh/react,https://esm.sh/three,https://esm.sh/react-dom/client,https://esm.sh/@react-three/drei,https://esm.sh/@react-three/fiber		True	False	False	True	False	False	False	False	False	True	True	False	True	False	unknown	5e50f8971eaacb5919fe32b597122fec5cbb7eab1b2c2a8b94bb8508a81b33b1	False	
glasslab-liquid-glass-shader-liquid-glass-shader-src	liquid-glass-shader	/Users/lekan/Dev/glass-projects-lab/originals/liquid-glass-shader	/Users/lekan/Dev/glass-projects-lab/originals/liquid-glass-shader/liquid-glass-shader/src	/Users/lekan/Dev/glass-projects-lab/originals/liquid-glass-shader/liquid-glass-shader/src	liquid-glass-shader/src	github	https://github.com/lekandigital/glass-projects-lab	Liquid Glass Shader Liquid Glass Shader Src	html-fragment	html-fragment	browser	npm		False				False	True	style.css	script.js			False	False	False	False	False	False	False	False	False	True	True	False	False	False	unknown	6fcfa890d20a6acbf1ca0c364dd2d2487620a2b15d9d655ebf59ef417af9b68a	False	
glasslab-liquid-glass-5-liquid-glass-src	liquid-glass-5	/Users/lekan/Dev/glass-projects-lab/originals/liquid-glass-5	/Users/lekan/Dev/glass-projects-lab/originals/liquid-glass-5/liquid-glass/src	/Users/lekan/Dev/glass-projects-lab/originals/liquid-glass-5/liquid-glass/src	liquid-glass/src	github	https://github.com/lekandigital/glass-projects-lab	Liquid Glass 5 Liquid Glass Src	html-fragment	html-fragment	browser	npm		False				False	True	style.css				False	False	False	False	False	False	False	False	False	False	False	True	False	False	unknown	524ad8a3e1fab041bd7b6d67cbb2ae72b88cc279c99a46cd78ca74fbad2e9fdb	False	
glasslab-liquid-glass-2-liquid-glass-src	liquid-glass-2	/Users/lekan/Dev/glass-projects-lab/originals/liquid-glass-2	/Users/lekan/Dev/glass-projects-lab/originals/liquid-glass-2/liquid-glass/src	/Users/lekan/Dev/glass-projects-lab/originals/liquid-glass-2/liquid-glass/src	liquid-glass/src	github	https://github.com/lekandigital/glass-projects-lab	Liquid Glass 2 Liquid Glass Src	html-fragment	html-fragment	browser	npm		False				False	True	style.css				False	False	False	False	False	False	False	False	False	False	False	True	False	False	unknown	bb28e5da954010857837461fa5169a9e002b483448c124861f49c889edf2f433	False	
glasslab-liquid-glass-switcher-css-1-liquid-glass-switcher-css-src	liquid-glass-switcher-css-1	/Users/lekan/Dev/glass-projects-lab/originals/liquid-glass-switcher-css-1	/Users/lekan/Dev/glass-projects-lab/originals/liquid-glass-switcher-css-1/liquid-glass-switcher-css/src	/Users/lekan/Dev/glass-projects-lab/originals/liquid-glass-switcher-css-1/liquid-glass-switcher-css/src	liquid-glass-switcher-css/src	github	https://github.com/lekandigital/glass-projects-lab	Liquid Glass Switcher Css 1 Liquid Glass Switcher Css Src	html-fragment	html-fragment	browser	npm		False				False	True	style.css	script.js			False	False	False	False	False	False	False	False	False	False	False	True	False	False	unknown	1baae55c5100ef5d20a6313c9f8e02c4c50011b9b7245f7f2028191d4dc264d5	False	
glasslab-liquid-glass-4-liquid-glass-src	liquid-glass-4	/Users/lekan/Dev/glass-projects-lab/originals/liquid-glass-4	/Users/lekan/Dev/glass-projects-lab/originals/liquid-glass-4/liquid-glass/src	/Users/lekan/Dev/glass-projects-lab/originals/liquid-glass-4/liquid-glass/src	liquid-glass/src	github	https://github.com/lekandigital/glass-projects-lab	Liquid Glass 4 Liquid Glass Src	html-fragment	html-fragment	browser	npm		False				False	True	style.css	script.js			False	False	False	False	False	False	False	False	False	False	False	False	False	False	unknown	a8bfa00af5ef20bc7505fcee37174f0a2a9f3bb70b30fb98fa9f3497d1e2482d	False	
glasslab-apple-liquid-glass-experiments-1-apple-liquid-glass-experiments-src	apple-liquid-glass-experiments-1	/Users/lekan/Dev/glass-projects-lab/originals/apple-liquid-glass-experiments-1	/Users/lekan/Dev/glass-projects-lab/originals/apple-liquid-glass-experiments-1/apple-liquid-glass-experiments/src	/Users/lekan/Dev/glass-projects-lab/originals/apple-liquid-glass-experiments-1/apple-liquid-glass-experiments/src	apple-liquid-glass-experiments/src	github	https://github.com/lekandigital/glass-projects-lab	Apple Liquid Glass Experiments 1 Apple Liquid Glass Experiments Src	html-fragment	html-fragment	browser	npm		False				False	True	style.css	script.js			False	False	False	False	False	False	False	False	False	False	False	True	False	False	unknown	69ec3cd2af4b4171511b9c571e532071f5bf0912a33f6f1b85bea94405bdcea9	False	
