project_id	display_name	source_type	original_url	original_url_status	original_author	upstream_repository	upstream_path	archive_name	original_local_path	content_hash	framework	runtime	package_manager	license	license_status	source_in_public_repo	github_project_path	vercel_project_name	preview_url	production_url	functional_status	last_verified_at	desktop_screenshot	mobile_screenshot	compatibility_changes	known_limitations	related_projects	tags
glasslab-glassmorphism-main-glassmorphism-main	glasslab-glassmorphism-main-glassmorphism-main	unknown		active	unknown			glassmorphism-main		196149687a53b4692afd46f94a4a9c1332d65122dffc72a0800a91bc8ee5a7a8	static-html	browser	npm	unknown	unknown	True	projects/glasslab-glassmorphism-main-glassmorphism-main	glasslab-glassmorphism-main-glassmo		https://glasslab-glassmorphism-main-glassmo.vercel.app	verified-functional	2026-07-10T01:09:18.782754	reports/functional-verification/glasslab-glassmorphism-main-glassmorphism-main/initial.png	reports/functional-verification/glasslab-glassmorphism-main-glassmorphism-main/mobile.png			[]	[]
glasslab-glass-refraction-master-1-glass-refraction-master	glasslab-glass-refraction-master-1-glass-refraction-master	unknown		active	unknown			glass-refraction-master-1		c257900a44f008f3ba306634a2c0ae3efb3a3fe82be00e4097fc35dec8c4674b	react	browser	npm	unknown	unknown	True	projects/glasslab-glass-refraction-master-1-glass-refraction-master				library-skipped	2026-07-10T01:09:18.782816	reports/functional-verification/glasslab-glass-refraction-master-1-glass-refraction-master/initial.png	reports/functional-verification/glasslab-glass-refraction-master-1-glass-refraction-master/mobile.png			[]	[]
glasslab-glass-refraction-master-1-glass-refraction-master-examples-vanilla	glasslab-glass-refraction-master-1-glass-refraction-master-examples-vanilla	unknown		active	unknown			glass-refraction-master-1		68820a9a7d5fc2afea9ba95c2d521947896616c65f825020fcc6cbafce11bb32	static-html	browser	npm	unknown	unknown	True	projects/glasslab-glass-refraction-master-1-glass-refraction-master-examples-vanilla				broken-local-render	2026-07-10T01:09:18.782856					[]	[]
glasslab-css-glass-main-css-glass-main	glasslab-css-glass-main-css-glass-main	unknown		active	unknown			css-glass-main		6a93024029c096e0d53a2ccf3fd40dda0885c948a262d8803eecbea7ce723c0d	static-html	browser	pnpm	unknown	unknown	True	projects/glasslab-css-glass-main-css-glass-main				library-skipped	2026-07-10T01:09:18.782868					[]	[]
glasslab-slider-button-liquid-glass-apple-ios-262025-slider-button-liquid-glass-apple-ios-262025-src	glasslab-slider-button-liquid-glass-apple-ios-262025-slider-button-liquid-glass-apple-ios-262025-src	unknown		active	unknown			slider-button-liquid-glass-apple-ios-262025		3c4e14b4aff47af342db40b8013d245703c6379216905d5449b8b383d980e93f	html-fragment	browser	npm	unknown	unknown	True	projects/glasslab-slider-button-liquid-glass-apple-ios-262025-slider-button-liquid-glass-apple-ios-262025-src	glasslab-slider-button-liquid-glass		https://glasslab-slider-button-liquid-glass.vercel.app	verified-functional	2026-07-10T01:09:18.783021	reports/functional-verification/glasslab-slider-button-liquid-glass-apple-ios-262025-slider-button-liquid-glass-apple-ios-262025-src/initial.png	reports/functional-verification/glasslab-slider-button-liquid-glass-apple-ios-262025-slider-button-liquid-glass-apple-ios-262025-src/mobile.png			[]	[]
glasslab-glass-model-1-glass-model-src	glasslab-glass-model-1-glass-model-src	unknown		active	unknown			glass-model-1		ee63634fb0a1249cf5e904aee409a1569c699f4a2898a4a764232049560af695	html-fragment	browser	npm	unknown	unknown	True	projects/glasslab-glass-model-1-glass-model-src	glasslab-glass-model-1-glass-model		https://glasslab-glass-model-1-glass-model.vercel.app	verified-functional	2026-07-10T01:09:18.783219	reports/functional-verification/glasslab-glass-model-1-glass-model-src/initial.png	reports/functional-verification/glasslab-glass-model-1-glass-model-src/mobile.png			[]	[]
glasslab-cross-browser-liquid-toggle-drag-tap-cross-browser-liquid-toggle-drag-tap-src	glasslab-cross-browser-liquid-toggle-drag-tap-cross-browser-liquid-toggle-drag-tap-src	unknown		active	unknown			cross-browser-liquid-toggle-drag-tap		1e243f4b27094b869d2b8cb9f688f0a88c1151970d34bb4b6cd59d9a2cab7de0	html-fragment	browser	npm	unknown	unknown	True	projects/glasslab-cross-browser-liquid-toggle-drag-tap-cross-browser-liquid-toggle-drag-tap-src	glasslab-cross-browser-liquid-toggl		https://glasslab-cross-browser-liquid-toggl.vercel.app	verified-functional	2026-07-10T01:09:18.783384	reports/functional-verification/glasslab-cross-browser-liquid-toggle-drag-tap-cross-browser-liquid-toggle-drag-tap-src/initial.png	reports/functional-verification/glasslab-cross-browser-liquid-toggle-drag-tap-cross-browser-liquid-toggle-drag-tap-src/mobile.png			[]	[]
glasslab-liquid-glass-effect-wwdc25-liquid-glass-effect-wwdc25-src	glasslab-liquid-glass-effect-wwdc25-liquid-glass-effect-wwdc25-src	unknown		active	unknown			liquid-glass-effect-wwdc25		f5bdee0eb49dc89ec340802f672dcbc364f6abd84c53efa903c968d5b0a93997	static-html	browser	npm	unknown	unknown	True	projects/glasslab-liquid-glass-effect-wwdc25-liquid-glass-effect-wwdc25-src	glasslab-liquid-glass-effect-wwdc25		https://glasslab-liquid-glass-effect-wwdc25.vercel.app	verified-functional	2026-07-10T01:09:18.783542	reports/functional-verification/glasslab-liquid-glass-effect-wwdc25-liquid-glass-effect-wwdc25-src/initial.png	reports/functional-verification/glasslab-liquid-glass-effect-wwdc25-liquid-glass-effect-wwdc25-src/mobile.png			[]	[]
glasslab-7-css-main-7-css-main	glasslab-7-css-main-7-css-main	unknown		active	unknown			7-css-main		70c7b8895468980c0693bb7da438e08fd7220576f4dc95e722757075096a38ba	static-html	browser	npm	unknown	unknown	True	projects/glasslab-7-css-main-7-css-main				library-skipped	2026-07-10T01:09:18.783624					[]	[]
glasslab-liquid-glass-main-liquid-glass-main	glasslab-liquid-glass-main-liquid-glass-main	unknown		active	unknown			liquid-glass-main		ef3a17337490fd79ea1b3582794d37f45c92c782aa6d7446abecf3abde6f3cc4	static-html	browser	npm	unknown	unknown	True	projects/glasslab-liquid-glass-main-liquid-glass-main	glasslab-liquid-glass-main-liquid-g		https://glasslab-liquid-glass-main-liquid-g.vercel.app	verified-functional	2026-07-10T01:09:18.783779	reports/functional-verification/glasslab-liquid-glass-main-liquid-glass-main/initial.png	reports/functional-verification/glasslab-liquid-glass-main-liquid-glass-main/mobile.png			[]	[]
glasslab-7-aero-stylesheet-main-7-aero-stylesheet-main	glasslab-7-aero-stylesheet-main-7-aero-stylesheet-main	unknown		active	unknown			7-aero-stylesheet-main		d347872c6942f9677ed67ba8a0ca113b9b94a543634de6f8872faf4ad7f6864b	static-html	browser	npm	unknown	unknown	True	projects/glasslab-7-aero-stylesheet-main-7-aero-stylesheet-main				broken-local-render	2026-07-10T01:09:18.783836	reports/functional-verification/glasslab-7-aero-stylesheet-main-7-aero-stylesheet-main/initial.png	reports/functional-verification/glasslab-7-aero-stylesheet-main-7-aero-stylesheet-main/mobile.png			[]	[]
glasslab-glass-button-css-only-1-glass-button-css-only-src	glasslab-glass-button-css-only-1-glass-button-css-only-src	unknown		active	unknown			glass-button-css-only-1		b264017ca784cd3d1d9703c0cc7d143041792407327e995239aaecc15c81e395	html-fragment	browser	npm	unknown	unknown	True	projects/glasslab-glass-button-css-only-1-glass-button-css-only-src	glasslab-glass-button-css-only-1-gl		https://glasslab-glass-button-css-only-1-gl.vercel.app	verified-functional	2026-07-10T01:09:18.783988	reports/functional-verification/glasslab-glass-button-css-only-1-glass-button-css-only-src/initial.png	reports/functional-verification/glasslab-glass-button-css-only-1-glass-button-css-only-src/mobile.png			[]	[]
glasslab-pure-css-ios-26-liquid-glass-effect-pure-css-ios-26-liquid-glass-effect-src	glasslab-pure-css-ios-26-liquid-glass-effect-pure-css-ios-26-liquid-glass-effect-src	unknown		active	unknown			pure-css-ios-26-liquid-glass-effect		beeaeb70aa3b5cbca732fda318f91de4fae04af11d6767dbc147a685b8b4304e	html-fragment	browser	npm	unknown	unknown	True	projects/glasslab-pure-css-ios-26-liquid-glass-effect-pure-css-ios-26-liquid-glass-effect-src	glasslab-pure-css-ios-26-liquid-gla		https://glasslab-pure-css-ios-26-liquid-gla.vercel.app	verified-functional	2026-07-10T01:09:18.784146	reports/functional-verification/glasslab-pure-css-ios-26-liquid-glass-effect-pure-css-ios-26-liquid-glass-effect-src/initial.png	reports/functional-verification/glasslab-pure-css-ios-26-liquid-glass-effect-pure-css-ios-26-liquid-glass-effect-src/mobile.png			[]	[]
glasslab-apple-liquid-glass-from-lucasromerodb-liquid-glass-effect-macos-apple-liquid-glass-from-lucasromerodb-liquid-glass-effect-macos-src	glasslab-apple-liquid-glass-from-lucasromerodb-liquid-glass-effect-macos-apple-liquid-glass-from-lucasromerodb-liquid-glass-effect-macos-src	unknown		active	unknown			apple-liquid-glass-from-lucasromerodb-liquid-glass-effect-macos		a70f9df2f7a8763cf4334a57d5eed4fca3d72c9b98dd58a34965d90042da0ea2	html-fragment	browser	npm	unknown	unknown	True	projects/glasslab-apple-liquid-glass-from-lucasromerodb-liquid-glass-effect-macos-apple-liquid-glass-from-lucasromerodb-liquid-glass-effect-macos-src	glasslab-apple-liquid-glass-from-lu		https://glasslab-apple-liquid-glass-from-lu.vercel.app	verified-functional	2026-07-10T01:09:18.784290	reports/functional-verification/glasslab-apple-liquid-glass-from-lucasromerodb-liquid-glass-effect-macos-apple-liquid-glass-from-lucasromerodb-liquid-glass-effect-macos-src/initial.png	reports/functional-verification/glasslab-apple-liquid-glass-from-lucasromerodb-liquid-glass-effect-macos-apple-liquid-glass-from-lucasromerodb-liquid-glass-effect-macos-src/mobile.png			[]	[]
glasslab-liquid-glass-scroll-drag-configure-chromium-liquid-glass-scroll-drag-configure-chromium-src	glasslab-liquid-glass-scroll-drag-configure-chromium-liquid-glass-scroll-drag-configure-chromium-src	unknown		active	unknown			liquid-glass-scroll-drag-configure-chromium		2c906d1e6582091411029521351ede30b282c45233fc204adaa95100c87142fe	html-fragment	browser	npm	unknown	unknown	True	projects/glasslab-liquid-glass-scroll-drag-configure-chromium-liquid-glass-scroll-drag-configure-chromium-src	glasslab-liquid-glass-scroll-drag-c		https://glasslab-liquid-glass-scroll-drag-c.vercel.app	verified-functional	2026-07-10T01:09:18.784417	reports/functional-verification/glasslab-liquid-glass-scroll-drag-configure-chromium-liquid-glass-scroll-drag-configure-chromium-src/initial.png	reports/functional-verification/glasslab-liquid-glass-scroll-drag-configure-chromium-liquid-glass-scroll-drag-configure-chromium-src/mobile.png			[]	[]
glasslab-liquidgl-main-liquidgl-main	glasslab-liquidgl-main-liquidgl-main	unknown		active	unknown			liquidgl-main		97703ac400cbb1a9a081a21f3d273efbb49a48d88f48262277dfc5234ce74852	static-html	browser	npm	unknown	unknown	True	projects/glasslab-liquidgl-main-liquidgl-main	glasslab-liquidgl-main-liquidgl-mai		https://glasslab-liquidgl-main-liquidgl-mai.vercel.app	broken-production-render	2026-07-10T01:09:18.784545	reports/functional-verification/glasslab-liquidgl-main-liquidgl-main/initial.png	reports/functional-verification/glasslab-liquidgl-main-liquidgl-main/mobile.png			[]	[]
glasslab-frontend-projects-main-frontend-projects-main-tictactoe-vanilla	glasslab-frontend-projects-main-frontend-projects-main-tictactoe-vanilla	unknown		active	unknown			frontend-projects-main		db282624cec7c208abdfb7852effe1821115001b7bdb594b67fa55afca995feb	static-html	browser	npm	unknown	unknown	True	projects/glasslab-frontend-projects-main-frontend-projects-main-tictactoe-vanilla	glasslab-frontend-projects-main-fro		https://glasslab-frontend-projects-main-fro.vercel.app	verified-functional	2026-07-10T01:09:18.784706	reports/functional-verification/glasslab-frontend-projects-main-frontend-projects-main-tictactoe-vanilla/initial.png	reports/functional-verification/glasslab-frontend-projects-main-frontend-projects-main-tictactoe-vanilla/mobile.png			[]	[]
glasslab-frontend-projects-main-frontend-projects-main-css-if-function	glasslab-frontend-projects-main-frontend-projects-main-css-if-function	unknown		active	unknown			frontend-projects-main		69914860a1b973724f88abc5270bf3bf80e5a670af969953da3ee2c45309cf8d	static-html	browser	npm	unknown	unknown	True	projects/glasslab-frontend-projects-main-frontend-projects-main-css-if-function	glasslab-frontend-projects-main-fro-nine		https://glasslab-frontend-projects-main-fro-nine.vercel.app	verified-functional	2026-07-10T01:09:18.784863	reports/functional-verification/glasslab-frontend-projects-main-frontend-projects-main-css-if-function/initial.png	reports/functional-verification/glasslab-frontend-projects-main-frontend-projects-main-css-if-function/mobile.png			[]	[]
glasslab-frontend-projects-main-frontend-projects-main-weeklyhow-custom-storefront	glasslab-frontend-projects-main-frontend-projects-main-weeklyhow-custom-storefront	unknown		active	unknown			frontend-projects-main		1f424e946ff9e7f011ed4aec73a07e0d5de0f4db8c836dde0e50d9ce7c0f3554	react	browser	npm	unknown	unknown	True	projects/glasslab-frontend-projects-main-frontend-projects-main-weeklyhow-custom-storefront				library-skipped	2026-07-10T01:09:18.784942	reports/functional-verification/glasslab-frontend-projects-main-frontend-projects-main-weeklyhow-custom-storefront/initial.png	reports/functional-verification/glasslab-frontend-projects-main-frontend-projects-main-weeklyhow-custom-storefront/mobile.png			[]	[]
glasslab-frontend-projects-main-frontend-projects-main-tictactoe	glasslab-frontend-projects-main-frontend-projects-main-tictactoe	unknown		active	unknown			frontend-projects-main		4580ce971fd8f50deb711948ae2bc7d5f1a344282f197f21d08d2678930c743d	react	browser	npm	unknown	unknown	True	projects/glasslab-frontend-projects-main-frontend-projects-main-tictactoe				library-skipped	2026-07-10T01:09:18.785004	reports/functional-verification/glasslab-frontend-projects-main-frontend-projects-main-tictactoe/initial.png	reports/functional-verification/glasslab-frontend-projects-main-frontend-projects-main-tictactoe/mobile.png			[]	[]
glasslab-frontend-projects-main-frontend-projects-main-tictactoe-public	glasslab-frontend-projects-main-frontend-projects-main-tictactoe-public	unknown		active	unknown			frontend-projects-main		ab1e6112a660e7071a84449a7d530b2fc6e12590e372a0d1d3909ca0b06ea4b6	static-html	browser	npm	unknown	unknown	True	projects/glasslab-frontend-projects-main-frontend-projects-main-tictactoe-public	glasslab-frontend-projects-main-fro-eight		https://glasslab-frontend-projects-main-fro-eight.vercel.app	verified-functional	2026-07-10T01:09:18.785161	reports/functional-verification/glasslab-frontend-projects-main-frontend-projects-main-tictactoe-public/initial.png	reports/functional-verification/glasslab-frontend-projects-main-frontend-projects-main-tictactoe-public/mobile.png			[]	[]
glasslab-frontend-projects-main-frontend-projects-main-prime-vue-project	glasslab-frontend-projects-main-frontend-projects-main-prime-vue-project	unknown		active	unknown			frontend-projects-main		46fac345d313d1d9818d51a1427f75b05a42c905035f7f26d13902186ce50ec7	vue	browser	npm	unknown	unknown	True	projects/glasslab-frontend-projects-main-frontend-projects-main-prime-vue-project	glasslab-frontend-projects-main-fro-ten		https://glasslab-frontend-projects-main-fro-ten.vercel.app	verified-functional	2026-07-10T01:09:18.785323	reports/functional-verification/glasslab-frontend-projects-main-frontend-projects-main-prime-vue-project/initial.png	reports/functional-verification/glasslab-frontend-projects-main-frontend-projects-main-prime-vue-project/mobile.png			[]	[]
glasslab-frontend-projects-main-frontend-projects-main-vuetify-project	glasslab-frontend-projects-main-frontend-projects-main-vuetify-project	unknown		active	unknown			frontend-projects-main		29c60bfdfd2b63dd060601c8ed2965be7289f5f80405323c3d52043a6d9f9e54	vue	browser	npm	unknown	unknown	True	projects/glasslab-frontend-projects-main-frontend-projects-main-vuetify-project	glasslab-frontend-projects-main-fro-beta		https://glasslab-frontend-projects-main-fro-beta.vercel.app	verified-functional	2026-07-10T01:09:18.785459	reports/functional-verification/glasslab-frontend-projects-main-frontend-projects-main-vuetify-project/initial.png	reports/functional-verification/glasslab-frontend-projects-main-frontend-projects-main-vuetify-project/mobile.png			[]	[]
glasslab-frontend-projects-main-frontend-projects-main-weeklyhow-instantsearch	glasslab-frontend-projects-main-frontend-projects-main-weeklyhow-instantsearch	unknown		active	unknown			frontend-projects-main		4d7358fae5023d701b5e0acc86a0596e6ebd89546fbf4d91eafd3198d7991213	react	browser	yarn	unknown	unknown	True	projects/glasslab-frontend-projects-main-frontend-projects-main-weeklyhow-instantsearch				broken-local-build	2026-07-10T01:09:18.785479					[]	[]
glasslab-frontend-projects-main-frontend-projects-main-task-manager-app	glasslab-frontend-projects-main-frontend-projects-main-task-manager-app	unknown		active	unknown			frontend-projects-main		d74d18dcfe604527228c2e7fa48ed186e34e812f5bc78694e25fab36e287a619	static-html	browser	npm	unknown	unknown	True	projects/glasslab-frontend-projects-main-frontend-projects-main-task-manager-app				library-skipped	2026-07-10T01:09:18.785488					[]	[]
glasslab-frontend-projects-main-frontend-projects-main-task-manager-app-client	glasslab-frontend-projects-main-frontend-projects-main-task-manager-app-client	unknown		active	unknown			frontend-projects-main		b70a26a10a5bf6a5c3db5febbcfc5fb7a819533cb9cb60f74f97f94b47be0f25	react	browser	npm	unknown	unknown	True	projects/glasslab-frontend-projects-main-frontend-projects-main-task-manager-app-client				library-skipped	2026-07-10T01:09:18.785521	reports/functional-verification/glasslab-frontend-projects-main-frontend-projects-main-task-manager-app-client/initial.png	reports/functional-verification/glasslab-frontend-projects-main-frontend-projects-main-task-manager-app-client/mobile.png			[]	[]
glasslab-frontend-projects-main-frontend-projects-main-task-manager-app-client-public	glasslab-frontend-projects-main-frontend-projects-main-task-manager-app-client-public	unknown		active	unknown			frontend-projects-main		ccb5e745984276dff82a1b6c63bbc88b09da35113d7fa6455c7ff890391c7653	static-html	browser	npm	unknown	unknown	True	projects/glasslab-frontend-projects-main-frontend-projects-main-task-manager-app-client-public	glasslab-frontend-projects-main-fro-alpha		https://glasslab-frontend-projects-main-fro-alpha.vercel.app	verified-functional	2026-07-10T01:09:18.785671	reports/functional-verification/glasslab-frontend-projects-main-frontend-projects-main-task-manager-app-client-public/initial.png	reports/functional-verification/glasslab-frontend-projects-main-frontend-projects-main-task-manager-app-client-public/mobile.png			[]	[]
glasslab-frontend-projects-main-frontend-projects-main-liquid-glass-vue	glasslab-frontend-projects-main-frontend-projects-main-liquid-glass-vue	unknown		active	unknown			frontend-projects-main		95af541f776c153512f91609f3517b5408347c35f50d27f5a1f7ba79ae1f75f5	vue	browser	npm	unknown	unknown	True	projects/glasslab-frontend-projects-main-frontend-projects-main-liquid-glass-vue				broken-local-build	2026-07-10T01:09:18.785690					[]	[]
glasslab-frontend-projects-main-frontend-projects-main-advanced-javascript-class-word-guess-game-app	glasslab-frontend-projects-main-frontend-projects-main-advanced-javascript-class-word-guess-game-app	unknown		active	unknown			frontend-projects-main		1354ddbf53753b71a5fe4263f96d1f937b2b4bdbd0da08ad45703afd232f9b4f	react	browser	npm	unknown	unknown	True	projects/glasslab-frontend-projects-main-frontend-projects-main-advanced-javascript-class-word-guess-game-app				library-skipped	2026-07-10T01:09:18.785741	reports/functional-verification/glasslab-frontend-projects-main-frontend-projects-main-advanced-javascript-class-word-guess-game-app/initial.png	reports/functional-verification/glasslab-frontend-projects-main-frontend-projects-main-advanced-javascript-class-word-guess-game-app/mobile.png			[]	[]
glasslab-frontend-projects-main-frontend-projects-main-advanced-javascript-class-word-guess-game-app-public	glasslab-frontend-projects-main-frontend-projects-main-advanced-javascript-class-word-guess-game-app-public	unknown		active	unknown			frontend-projects-main		ab1e6112a660e7071a84449a7d530b2fc6e12590e372a0d1d3909ca0b06ea4b6	static-html	browser	npm	unknown	unknown	True	projects/glasslab-frontend-projects-main-frontend-projects-main-advanced-javascript-class-word-guess-game-app-public	glasslab-frontend-projects-main-fro-sigma		https://glasslab-frontend-projects-main-fro-sigma.vercel.app	verified-functional	2026-07-10T01:09:18.785886	reports/functional-verification/glasslab-frontend-projects-main-frontend-projects-main-advanced-javascript-class-word-guess-game-app-public/initial.png	reports/functional-verification/glasslab-frontend-projects-main-frontend-projects-main-advanced-javascript-class-word-guess-game-app-public/mobile.png			[]	[]
glasslab-frontend-projects-main-frontend-projects-main-movie-instantsearch	glasslab-frontend-projects-main-frontend-projects-main-movie-instantsearch	unknown		active	unknown			frontend-projects-main		e33f52e89e4555d5cd4b67b074e0eafd213e963797c621c1d45af6f5d7197903	react	browser	yarn	unknown	unknown	True	projects/glasslab-frontend-projects-main-frontend-projects-main-movie-instantsearch				broken-local-build	2026-07-10T01:09:18.785900					[]	[]
glasslab-liquid-glass-effect-liquid-glass-effect-src	glasslab-liquid-glass-effect-liquid-glass-effect-src	unknown		active	unknown			liquid-glass-effect		8fb9ee178bf19906239e265ba64726b88045ed256cea2c5c60be0e1d72b4e3c5	html-fragment	browser	npm	unknown	unknown	True	projects/glasslab-liquid-glass-effect-liquid-glass-effect-src	glasslab-liquid-glass-effect-liquid		https://glasslab-liquid-glass-effect-liquid.vercel.app	verified-functional	2026-07-10T01:09:18.786034	reports/functional-verification/glasslab-liquid-glass-effect-liquid-glass-effect-src/initial.png	reports/functional-verification/glasslab-liquid-glass-effect-liquid-glass-effect-src/mobile.png			[]	[]
glasslab-liquid-glass-menu-liquid-glass-menu-src	glasslab-liquid-glass-menu-liquid-glass-menu-src	unknown		active	unknown			liquid-glass-menu		09eed3ba8c8c7c1d8609ae5823cad0bb1fbec4fa04bad81ff7e9989bd64c5b2c	html-fragment	browser	npm	unknown	unknown	True	projects/glasslab-liquid-glass-menu-liquid-glass-menu-src				broken-local-render	2026-07-10T01:09:18.786101	reports/functional-verification/glasslab-liquid-glass-menu-liquid-glass-menu-src/initial.png	reports/functional-verification/glasslab-liquid-glass-menu-liquid-glass-menu-src/mobile.png			[]	[]
glasslab-press-starthot-wheels-aerial-pursuit-liquid-glass-navigation-press-starthot-wheels-aerial-pursuit-liquid-glass-navigation-src	glasslab-press-starthot-wheels-aerial-pursuit-liquid-glass-navigation-press-starthot-wheels-aerial-pursuit-liquid-glass-navigation-src	unknown		active	unknown			press-starthot-wheels-aerial-pursuit-liquid-glass-navigation		97aba3e7555670cc45fc36202ff544885d9b9b311c7670746d1905cef6b6aa1c	html-fragment	browser	npm	unknown	unknown	True	projects/glasslab-press-starthot-wheels-aerial-pursuit-liquid-glass-navigation-press-starthot-wheels-aerial-pursuit-liquid-glass-navigation-src				broken-local-render	2026-07-10T01:09:18.786139	reports/functional-verification/glasslab-press-starthot-wheels-aerial-pursuit-liquid-glass-navigation-press-starthot-wheels-aerial-pursuit-liquid-glass-navigation-src/initial.png	reports/functional-verification/glasslab-press-starthot-wheels-aerial-pursuit-liquid-glass-navigation-press-starthot-wheels-aerial-pursuit-liquid-glass-navigation-src/mobile.png			[]	[]
glasslab-glass-like-css-1-glass-like-css-src	glasslab-glass-like-css-1-glass-like-css-src	unknown		active	unknown			glass-like-css-1		5b610dd1baf5c9861cd2f27b8178b0988c19edff6b3ca9fda7c67da81f9c84e3	html-fragment	browser	npm	unknown	unknown	True	projects/glasslab-glass-like-css-1-glass-like-css-src	glasslab-glass-like-css-1-glass-lik		https://glasslab-glass-like-css-1-glass-lik.vercel.app	verified-functional	2026-07-10T01:09:18.786254	reports/functional-verification/glasslab-glass-like-css-1-glass-like-css-src/initial.png	reports/functional-verification/glasslab-glass-like-css-1-glass-like-css-src/mobile.png			[]	[]
glasslab-liquid-glass-cubiq-liquid-glass-cubiq-src	glasslab-liquid-glass-cubiq-liquid-glass-cubiq-src	unknown		active	unknown			liquid-glass-cubiq		e3a44701b3eb06064a19790c9ea35fdf3cb44647c7745409cd0e57a65cfb0218	html-fragment	browser	npm	unknown	unknown	True	projects/glasslab-liquid-glass-cubiq-liquid-glass-cubiq-src	glasslab-liquid-glass-cubiq-liquid		https://glasslab-liquid-glass-cubiq-liquid.vercel.app	verified-functional	2026-07-10T01:09:18.786374	reports/functional-verification/glasslab-liquid-glass-cubiq-liquid-glass-cubiq-src/initial.png	reports/functional-verification/glasslab-liquid-glass-cubiq-liquid-glass-cubiq-src/mobile.png			[]	[]
glasslab-svg-liquid-glass-1-svg-liquid-glass-src	glasslab-svg-liquid-glass-1-svg-liquid-glass-src	unknown		active	unknown			svg-liquid-glass-1		0d631f76ba3959325ca5796de81cda922393313e1cc9225b4cf2ad3b549d1cfa	html-fragment	browser	npm	unknown	unknown	True	projects/glasslab-svg-liquid-glass-1-svg-liquid-glass-src	glasslab-svg-liquid-glass-1-svg-liq		https://glasslab-svg-liquid-glass-1-svg-liq.vercel.app	verified-functional	2026-07-10T01:09:18.786471	reports/functional-verification/glasslab-svg-liquid-glass-1-svg-liquid-glass-src/initial.png	reports/functional-verification/glasslab-svg-liquid-glass-1-svg-liquid-glass-src/mobile.png			[]	[]
glasslab-liquid-glass-6-liquid-glass-src	glasslab-liquid-glass-6-liquid-glass-src	unknown		active	unknown			liquid-glass-6		8c3482639ce7e19a684b9e5cfc53bcd5b6b03be7057bf49f9b5d7530eae8e9b9	html-fragment	browser	npm	unknown	unknown	True	projects/glasslab-liquid-glass-6-liquid-glass-src	glasslab-liquid-glass-6-liquid-glas		https://glasslab-liquid-glass-6-liquid-glas.vercel.app	verified-functional	2026-07-10T01:09:18.786585	reports/functional-verification/glasslab-liquid-glass-6-liquid-glass-src/initial.png	reports/functional-verification/glasslab-liquid-glass-6-liquid-glass-src/mobile.png			[]	[]
glasslab-ios-liquid-glass-ios-liquid-glass-src	glasslab-ios-liquid-glass-ios-liquid-glass-src	unknown		active	unknown			ios-liquid-glass		6659d1e6b8814143ec5abd8f9e2bdf02b8b303bb99fdb3ae25c49f5c29e6e9dc	html-fragment	browser	npm	unknown	unknown	True	projects/glasslab-ios-liquid-glass-ios-liquid-glass-src	glasslab-ios-liquid-glass-ios-liqui		https://glasslab-ios-liquid-glass-ios-liqui.vercel.app	verified-functional	2026-07-10T01:09:18.786704	reports/functional-verification/glasslab-ios-liquid-glass-ios-liquid-glass-src/initial.png	reports/functional-verification/glasslab-ios-liquid-glass-ios-liquid-glass-src/mobile.png			[]	[]
glasslab-apple-liquid-glass-ui-2025-apple-liquid-glass-ui-2025-src	glasslab-apple-liquid-glass-ui-2025-apple-liquid-glass-ui-2025-src	unknown		active	unknown			apple-liquid-glass-ui-2025		2bfa0c8993656269cbc466787bea2aac2dfefd46058bde322ac177aaa0685353	html-fragment	browser	npm	unknown	unknown	True	projects/glasslab-apple-liquid-glass-ui-2025-apple-liquid-glass-ui-2025-src	glasslab-apple-liquid-glass-ui-2025		https://glasslab-apple-liquid-glass-ui-2025.vercel.app	verified-functional	2026-07-10T01:09:18.786829	reports/functional-verification/glasslab-apple-liquid-glass-ui-2025-apple-liquid-glass-ui-2025-src/initial.png	reports/functional-verification/glasslab-apple-liquid-glass-ui-2025-apple-liquid-glass-ui-2025-src/mobile.png			[]	[]
glasslab-pure-css-glassmorphism-liquid-glass-ui-kit-1-pure-css-glassmorphism-liquid-glass-ui-kit-src	glasslab-pure-css-glassmorphism-liquid-glass-ui-kit-1-pure-css-glassmorphism-liquid-glass-ui-kit-src	unknown		active	unknown			pure-css-glassmorphism-liquid-glass-ui-kit-1		35b8f4e01dc93d7b727744322bab591e2ca41d8c73e09a87eadd519acd970bdc	html-fragment	browser	npm	unknown	unknown	True	projects/glasslab-pure-css-glassmorphism-liquid-glass-ui-kit-1-pure-css-glassmorphism-liquid-glass-ui-kit-src	glasslab-pure-css-glassmorphism-liq		https://glasslab-pure-css-glassmorphism-liq.vercel.app	verified-functional	2026-07-10T01:09:18.786957	reports/functional-verification/glasslab-pure-css-glassmorphism-liquid-glass-ui-kit-1-pure-css-glassmorphism-liquid-glass-ui-kit-src/initial.png	reports/functional-verification/glasslab-pure-css-glassmorphism-liquid-glass-ui-kit-1-pure-css-glassmorphism-liquid-glass-ui-kit-src/mobile.png			[]	[]
glasslab-select-dropdown-with-appearance-base-select-liquid-glass-1-select-dropdown-with-appearance-base-select-liquid-glass-src	glasslab-select-dropdown-with-appearance-base-select-liquid-glass-1-select-dropdown-with-appearance-base-select-liquid-glass-src	unknown		active	unknown			select-dropdown-with-appearance-base-select-liquid-glass-1		92e12220f3d131249830901cc7c09e840015f463e38c9935ab264796ebed12a4	html-fragment	browser	npm	unknown	unknown	True	projects/glasslab-select-dropdown-with-appearance-base-select-liquid-glass-1-select-dropdown-with-appearance-base-select-liquid-glass-src				broken-local-render	2026-07-10T01:09:18.786994	reports/functional-verification/glasslab-select-dropdown-with-appearance-base-select-liquid-glass-1-select-dropdown-with-appearance-base-select-liquid-glass-src/initial.png	reports/functional-verification/glasslab-select-dropdown-with-appearance-base-select-liquid-glass-1-select-dropdown-with-appearance-base-select-liquid-glass-src/mobile.png			[]	[]
glasslab-liquid-dom-master-1-liquid-dom-master	glasslab-liquid-dom-master-1-liquid-dom-master	unknown		active	unknown			liquid-dom-master-1		62476edb55a9f4b970b72a557f04c86276383319bec5f02cd79887f01ad280fe	static-html	browser	pnpm	unknown	unknown	True	projects/glasslab-liquid-dom-master-1-liquid-dom-master				library-skipped	2026-07-10T01:09:18.787006					[]	[]
glasslab-liquid-dom-master-1-liquid-dom-master-demo-three-react	glasslab-liquid-dom-master-1-liquid-dom-master-demo-three-react	unknown		active	unknown			liquid-dom-master-1		b8657ac0d12761c3aae2f21f9c79f01e2f2c4c710a13f8e6c43268b9e62d9d9b	react	browser	pnpm	unknown	unknown	True	projects/glasslab-liquid-dom-master-1-liquid-dom-master-demo-three-react				broken-local-render	2026-07-10T01:09:18.787015					[]	[]
glasslab-liquid-dom-master-1-liquid-dom-master-demo-minimal	glasslab-liquid-dom-master-1-liquid-dom-master-demo-minimal	unknown		active	unknown			liquid-dom-master-1		dca5cba1b9264c7db9fcc07c19185498e4eb12f7fe298407358eb630e679c11d	react	browser	pnpm	unknown	unknown	True	projects/glasslab-liquid-dom-master-1-liquid-dom-master-demo-minimal				broken-local-render	2026-07-10T01:09:18.787024					[]	[]
glasslab-liquid-dom-master-1-liquid-dom-master-demo-three	glasslab-liquid-dom-master-1-liquid-dom-master-demo-three	unknown		active	unknown			liquid-dom-master-1		f2653e1faad6fd5500dbe0d4b95611af6f6539b88e7f736e00ce7a79044a26ab	vite-vanilla	browser	pnpm	unknown	unknown	True	projects/glasslab-liquid-dom-master-1-liquid-dom-master-demo-three				broken-local-render	2026-07-10T01:09:18.787036					[]	[]
glasslab-liquid-dom-master-1-liquid-dom-master-demo-three-layout	glasslab-liquid-dom-master-1-liquid-dom-master-demo-three-layout	unknown		active	unknown			liquid-dom-master-1		9900e4c03165b27ee2ae5f51b58c524a2a93373d85a2305e0ccaad1799fe7c73	vite-vanilla	browser	pnpm	unknown	unknown	True	projects/glasslab-liquid-dom-master-1-liquid-dom-master-demo-three-layout				broken-local-render	2026-07-10T01:09:18.787046					[]	[]
glasslab-liquid-dom-master-1-liquid-dom-master-demo-showcase	glasslab-liquid-dom-master-1-liquid-dom-master-demo-showcase	unknown		active	unknown			liquid-dom-master-1		4eed64c93e7d35c03d82fa7d74181ed0a429596171d81e36df8a213759f3837b	react	browser	pnpm	unknown	unknown	True	projects/glasslab-liquid-dom-master-1-liquid-dom-master-demo-showcase				broken-local-render	2026-07-10T01:09:18.787054					[]	[]
glasslab-liquid-dom-master-1-liquid-dom-master-demo-three-r3f	glasslab-liquid-dom-master-1-liquid-dom-master-demo-three-r3f	unknown		active	unknown			liquid-dom-master-1		1db1a962f9e1431d53a5d7f8fce6bc1e33e3736345117aa957fd3c0b4260d653	react	browser	pnpm	unknown	unknown	True	projects/glasslab-liquid-dom-master-1-liquid-dom-master-demo-three-r3f				broken-local-render	2026-07-10T01:09:18.787062					[]	[]
glasslab-liquid-dom-master-1-liquid-dom-master-demo-blending	glasslab-liquid-dom-master-1-liquid-dom-master-demo-blending	unknown		active	unknown			liquid-dom-master-1		64c287d8ff2b3a400b94b4def3a5e18fd093a57386d493acbea3e615d874d1c8	react	browser	pnpm	unknown	unknown	True	projects/glasslab-liquid-dom-master-1-liquid-dom-master-demo-blending				broken-local-render	2026-07-10T01:09:18.787069					[]	[]
glasslab-liquid-dom-master-1-liquid-dom-master-packages-core	glasslab-liquid-dom-master-1-liquid-dom-master-packages-core	unknown		active	unknown			liquid-dom-master-1		ff78d1f9f5f970b5d438e719de5b1e13cfdff5da1373d4152a92bfd9feae0ed7	static-html	browser	pnpm	unknown	unknown	True	projects/glasslab-liquid-dom-master-1-liquid-dom-master-packages-core				library-skipped	2026-07-10T01:09:18.787078					[]	[]
glasslab-liquid-dom-master-1-liquid-dom-master-packages-layout	glasslab-liquid-dom-master-1-liquid-dom-master-packages-layout	unknown		active	unknown			liquid-dom-master-1		a4ac09a0a330ae4faa4cc8a1caf01223ac194b5f61b2c672c16b10719607fe91	react	browser	pnpm	unknown	unknown	True	projects/glasslab-liquid-dom-master-1-liquid-dom-master-packages-layout				library-skipped	2026-07-10T01:09:18.787085					[]	[]
glasslab-liquid-dom-master-1-liquid-dom-master-packages-layout-playground	glasslab-liquid-dom-master-1-liquid-dom-master-packages-layout-playground	unknown		active	unknown			liquid-dom-master-1		80b2347b6ec247084f8627788087f4004857d9e32f4f3c9fa6c3bc67b08d6f1a	static-html	browser	pnpm	unknown	unknown	True	projects/glasslab-liquid-dom-master-1-liquid-dom-master-packages-layout-playground				broken-local-render	2026-07-10T01:09:18.787210	reports/functional-verification/glasslab-liquid-dom-master-1-liquid-dom-master-packages-layout-playground/initial.png	reports/functional-verification/glasslab-liquid-dom-master-1-liquid-dom-master-packages-layout-playground/mobile.png			[]	[]
glasslab-liquid-dom-master-1-liquid-dom-master-packages-r3f	glasslab-liquid-dom-master-1-liquid-dom-master-packages-r3f	unknown		active	unknown			liquid-dom-master-1		f1c7c3f883a8d808cf0bbf89ec8ae7008b6ff83f8ce78408cf4319cc74c23993	react	browser	pnpm	unknown	unknown	True	projects/glasslab-liquid-dom-master-1-liquid-dom-master-packages-r3f				library-skipped	2026-07-10T01:09:18.787225					[]	[]
glasslab-liquid-dom-master-1-liquid-dom-master-packages-three	glasslab-liquid-dom-master-1-liquid-dom-master-packages-three	unknown		active	unknown			liquid-dom-master-1		2fe58d251ab6f3fb2505ae2d3f13e2f7bfdc777c5a8c39bb5fe19ba2fb63bad3	static-html	browser	pnpm	unknown	unknown	True	projects/glasslab-liquid-dom-master-1-liquid-dom-master-packages-three				library-skipped	2026-07-10T01:09:18.787235					[]	[]
glasslab-liquid-dom-master-1-liquid-dom-master-packages-react	glasslab-liquid-dom-master-1-liquid-dom-master-packages-react	unknown		active	unknown			liquid-dom-master-1		652469598c03ff644669420c921ab50c1e7a01729dd53c6f19365d00224c3c8b	react	browser	pnpm	unknown	unknown	True	projects/glasslab-liquid-dom-master-1-liquid-dom-master-packages-react				library-skipped	2026-07-10T01:09:18.787243					[]	[]
glasslab-untitled-6-untitled-src	glasslab-untitled-6-untitled-src	unknown		active	unknown			untitled-6		d0767d087f49d3a3be9b3f257dced047de85a133c84c1f7cfd2c41ed75b47de0	html-fragment	browser	npm	unknown	unknown	True	projects/glasslab-untitled-6-untitled-src				pending	2026-07-10T01:09:18.787282	reports/functional-verification/glasslab-untitled-6-untitled-src/initial.png	reports/functional-verification/glasslab-untitled-6-untitled-src/mobile.png			[]	[]
glasslab-liquid-glass-js-main-liquid-glass-js-main	glasslab-liquid-glass-js-main-liquid-glass-js-main	unknown		active	unknown			liquid-glass-js-main		d97767e56bf791da5f89ab7dfb0040db9271b1fd4db4872e33f5df9b782802ae	static-html	browser	npm	unknown	unknown	True	projects/glasslab-liquid-glass-js-main-liquid-glass-js-main				broken-local-render	2026-07-10T01:09:18.787413	reports/functional-verification/glasslab-liquid-glass-js-main-liquid-glass-js-main/initial.png	reports/functional-verification/glasslab-liquid-glass-js-main-liquid-glass-js-main/mobile.png			[]	[]
glasslab-liquid-glass-components-1-liquid-glass-components-src	glasslab-liquid-glass-components-1-liquid-glass-components-src	unknown		active	unknown			liquid-glass-components-1		627da6c824fb1cdf54bf82f3872d5351bdcd0363dcb1b51123ff6122b4001b35	html-fragment	browser	npm	unknown	unknown	True	projects/glasslab-liquid-glass-components-1-liquid-glass-components-src				broken-local-render	2026-07-10T01:09:18.787519	reports/functional-verification/glasslab-liquid-glass-components-1-liquid-glass-components-src/initial.png	reports/functional-verification/glasslab-liquid-glass-components-1-liquid-glass-components-src/mobile.png			[]	[]
glasslab-liquid-glass-tainwildcss-1-liquid-glass-tainwildcss-src	glasslab-liquid-glass-tainwildcss-1-liquid-glass-tainwildcss-src	unknown		active	unknown			liquid-glass-tainwildcss-1		c96eccad152b0af872c552b98f1fcb6e64a246e52b2ca92f2983b22f40dad420	html-fragment	browser	npm	unknown	unknown	True	projects/glasslab-liquid-glass-tainwildcss-1-liquid-glass-tainwildcss-src				pending	2026-07-10T01:09:18.787639	reports/functional-verification/glasslab-liquid-glass-tainwildcss-1-liquid-glass-tainwildcss-src/initial.png	reports/functional-verification/glasslab-liquid-glass-tainwildcss-1-liquid-glass-tainwildcss-src/mobile.png			[]	[]
glasslab-liquid-glass-fluid-movement-1-liquid-glass-fluid-movement-src	glasslab-liquid-glass-fluid-movement-1-liquid-glass-fluid-movement-src	unknown		active	unknown			liquid-glass-fluid-movement-1		15eea9351703fbd0acad5b18e907626fbb212b92dd77cd7be1fc91efedab26e3	static-html	browser	npm	unknown	unknown	True	projects/glasslab-liquid-glass-fluid-movement-1-liquid-glass-fluid-movement-src				pending	2026-07-10T01:09:18.787785	reports/functional-verification/glasslab-liquid-glass-fluid-movement-1-liquid-glass-fluid-movement-src/initial.png	reports/functional-verification/glasslab-liquid-glass-fluid-movement-1-liquid-glass-fluid-movement-src/mobile.png			[]	[]
glasslab-liquid-glass-react-master-liquid-glass-react-master	glasslab-liquid-glass-react-master-liquid-glass-react-master	unknown		active	unknown			liquid-glass-react-master		e5b8d5cabc03813b78ffa9d5b37a5a4d26fbb9065b4e338927b2ae5bb2009085	react	browser	npm	unknown	unknown	True	projects/glasslab-liquid-glass-react-master-liquid-glass-react-master				pending	2026-07-10T01:09:18.787926	reports/functional-verification/glasslab-liquid-glass-react-master-liquid-glass-react-master/initial.png	reports/functional-verification/glasslab-liquid-glass-react-master-liquid-glass-react-master/mobile.png			[]	[]
glasslab-liquid-glass-react-master-liquid-glass-react-master-liquid-glass-example	glasslab-liquid-glass-react-master-liquid-glass-react-master-liquid-glass-example	unknown		active	unknown			liquid-glass-react-master		2d56f8badbbca95b1e5b4723a1283a364839fd0bc423fc3bd0d17279217dce04	nextjs	browser	npm	unknown	unknown	True	projects/glasslab-liquid-glass-react-master-liquid-glass-react-master-liquid-glass-example				pending	2026-07-10T01:09:18.788049	reports/functional-verification/glasslab-liquid-glass-react-master-liquid-glass-react-master-liquid-glass-example/initial.png	reports/functional-verification/glasslab-liquid-glass-react-master-liquid-glass-react-master-liquid-glass-example/mobile.png			[]	[]
glasslab-apple-liquid-glass-1-apple-liquid-glass-src	glasslab-apple-liquid-glass-1-apple-liquid-glass-src	unknown		active	unknown			apple-liquid-glass-1		5e50f8971eaacb5919fe32b597122fec5cbb7eab1b2c2a8b94bb8508a81b33b1	html-fragment	browser	npm	unknown	unknown	True	projects/glasslab-apple-liquid-glass-1-apple-liquid-glass-src				pending	2026-07-10T01:09:18.788162	reports/functional-verification/glasslab-apple-liquid-glass-1-apple-liquid-glass-src/initial.png	reports/functional-verification/glasslab-apple-liquid-glass-1-apple-liquid-glass-src/mobile.png			[]	[]
glasslab-liquid-glass-shader-liquid-glass-shader-src	glasslab-liquid-glass-shader-liquid-glass-shader-src	unknown		active	unknown			liquid-glass-shader		6fcfa890d20a6acbf1ca0c364dd2d2487620a2b15d9d655ebf59ef417af9b68a	html-fragment	browser	npm	unknown	unknown	True	projects/glasslab-liquid-glass-shader-liquid-glass-shader-src				pending	2026-07-10T01:09:18.788293	reports/functional-verification/glasslab-liquid-glass-shader-liquid-glass-shader-src/initial.png	reports/functional-verification/glasslab-liquid-glass-shader-liquid-glass-shader-src/mobile.png			[]	[]
glasslab-liquid-glass-5-liquid-glass-src	glasslab-liquid-glass-5-liquid-glass-src	unknown		active	unknown			liquid-glass-5		524ad8a3e1fab041bd7b6d67cbb2ae72b88cc279c99a46cd78ca74fbad2e9fdb	html-fragment	browser	npm	unknown	unknown	True	projects/glasslab-liquid-glass-5-liquid-glass-src				broken-local-render	2026-07-10T01:09:18.788437	reports/functional-verification/glasslab-liquid-glass-5-liquid-glass-src/initial.png	reports/functional-verification/glasslab-liquid-glass-5-liquid-glass-src/mobile.png			[]	[]
glasslab-liquid-glass-2-liquid-glass-src	glasslab-liquid-glass-2-liquid-glass-src	unknown		active	unknown			liquid-glass-2		bb28e5da954010857837461fa5169a9e002b483448c124861f49c889edf2f433	html-fragment	browser	npm	unknown	unknown	True	projects/glasslab-liquid-glass-2-liquid-glass-src				pending	2026-07-10T01:09:18.788585	reports/functional-verification/glasslab-liquid-glass-2-liquid-glass-src/initial.png	reports/functional-verification/glasslab-liquid-glass-2-liquid-glass-src/mobile.png			[]	[]
glasslab-liquid-glass-switcher-css-1-liquid-glass-switcher-css-src	glasslab-liquid-glass-switcher-css-1-liquid-glass-switcher-css-src	unknown		active	unknown			liquid-glass-switcher-css-1		1baae55c5100ef5d20a6313c9f8e02c4c50011b9b7245f7f2028191d4dc264d5	html-fragment	browser	npm	unknown	unknown	True	projects/glasslab-liquid-glass-switcher-css-1-liquid-glass-switcher-css-src				pending	2026-07-10T01:09:18.788724	reports/functional-verification/glasslab-liquid-glass-switcher-css-1-liquid-glass-switcher-css-src/initial.png	reports/functional-verification/glasslab-liquid-glass-switcher-css-1-liquid-glass-switcher-css-src/mobile.png			[]	[]
glasslab-liquid-glass-4-liquid-glass-src	glasslab-liquid-glass-4-liquid-glass-src	unknown		active	unknown			liquid-glass-4		a8bfa00af5ef20bc7505fcee37174f0a2a9f3bb70b30fb98fa9f3497d1e2482d	html-fragment	browser	npm	unknown	unknown	True	projects/glasslab-liquid-glass-4-liquid-glass-src				pending	2026-07-10T01:09:18.788862	reports/functional-verification/glasslab-liquid-glass-4-liquid-glass-src/initial.png	reports/functional-verification/glasslab-liquid-glass-4-liquid-glass-src/mobile.png			[]	[]
glasslab-apple-liquid-glass-experiments-1-apple-liquid-glass-experiments-src	glasslab-apple-liquid-glass-experiments-1-apple-liquid-glass-experiments-src	unknown		active	unknown			apple-liquid-glass-experiments-1		69ec3cd2af4b4171511b9c571e532071f5bf0912a33f6f1b85bea94405bdcea9	html-fragment	browser	npm	unknown	unknown	True	projects/glasslab-apple-liquid-glass-experiments-1-apple-liquid-glass-experiments-src				pending	2026-07-10T01:09:18.789003	reports/functional-verification/glasslab-apple-liquid-glass-experiments-1-apple-liquid-glass-experiments-src/initial.png	reports/functional-verification/glasslab-apple-liquid-glass-experiments-1-apple-liquid-glass-experiments-src/mobile.png			[]	[]
glasslab-codepen-hdshy-rnravzr-liquid-glass-for-web	glasslab-codepen-hdshy-rnravzr-liquid-glass-for-web	codepen	https://codepen.io/hdshy/pen/RNravZr	deleted	hdshy				/Users/lekan/Dev/aero-twitter-glass-lab/_reference_vault/reference-library/codepen-extracted/liquid-glass-for-web/liquid-glass-for-web/		html-fragment	browser		unknown	unknown	False	metadata-only/glasslab-codepen-hdshy-rnravzr-liquid-glass-for-web	glasslab-codepen-hdshy-rnravzr		https://glasslab-codepen-hdshy-rnravzr.vercel.app	verified-functional	2026-07-10T01:09:18.789137					[]	[]
glasslab-kube-liquid-glass-css-svg	glasslab-kube-liquid-glass-css-svg	webpage	https://kube.io/blog/liquid-glass-css-svg/	active	kube.io				/Users/lekan/Downloads/Liquid Glass in the Browser： Refraction with CSS and SVG — kube.io (7_9_2026 10：18：54 PM).html		html-fragment	browser		unknown	unknown	False	metadata-only/glasslab-kube-liquid-glass-css-svg	glasslab-kube-liquid-glass-css-svg		https://glasslab-kube-liquid-glass-css-svg.vercel.app	verified-functional-with-minor-warnings	2026-07-10T01:09:18.789236					[]	[]
