project_id	archive_name	original_path	candidate_root	workspace_root	actual_runnable_root	source_type	original_url	original_author	framework	runtime	package_manager	entrypoint	build_command	output_directory	is_html_fragment	is_public_template	is_library	is_backend	has_demo	demo_root	requires_workspace_context	content_hash	should_deploy	classification_reason	vercel_project_name
glasslab-Users-lekan-Dev-glass-projects-lab-originals-glassmorphism-main-glassmorphism-main	glassmorphism-main		/Users/lekan/Dev/glass-projects-lab/originals/glassmorphism-main/glassmorphism-main	/Users/lekan/Dev/glass-projects-lab/originals/glassmorphism-main/glassmorphism-main	/Users/lekan/Dev/glass-projects-lab/originals/glassmorphism-main/glassmorphism-main	github			static-html	browser	npm				False	False	False	False	False		False	196149687a53b4692afd46f94a4a9c1332d65122dffc72a0800a91bc8ee5a7a8	True	standalone	glasslab-Users-lekan-Dev-glass-projects-lab-originals-glassmorphism-main-glassmorphism-main
glasslab-Users-lekan-Dev-glass-projects-lab-originals-glass-refraction-master-1-glass-refraction-master	glass-refraction-master-1		/Users/lekan/Dev/glass-projects-lab/originals/glass-refraction-master-1/glass-refraction-master	/Users/lekan/Dev/glass-projects-lab/originals/glass-refraction-master-1/glass-refraction-master	/Users/lekan/Dev/glass-projects-lab/originals/glass-refraction-master-1/glass-refraction-master	github			react	browser	npm		npm run build	dist	False	False	False	False	False		False	c257900a44f008f3ba306634a2c0ae3efb3a3fe82be00e4097fc35dec8c4674b	True	standalone	glasslab-Users-lekan-Dev-glass-projects-lab-originals-glass-refraction-master-1-glass-refraction-mas
glasslab-Users-lekan-Dev-glass-projects-lab-originals-glass-refraction-master-1-glass-refraction-master-examples-vanilla	glass-refraction-master-1		/Users/lekan/Dev/glass-projects-lab/originals/glass-refraction-master-1/glass-refraction-master/examples/vanilla	/Users/lekan/Dev/glass-projects-lab/originals/glass-refraction-master-1/glass-refraction-master/examples/vanilla	/Users/lekan/Dev/glass-projects-lab/originals/glass-refraction-master-1/glass-refraction-master/examples/vanilla	github			static-html	browser	npm				False	False	False	False	False		False	68820a9a7d5fc2afea9ba95c2d521947896616c65f825020fcc6cbafce11bb32	True	standalone	glasslab-Users-lekan-Dev-glass-projects-lab-originals-glass-refraction-master-1-glass-refraction-mas
glasslab-Users-lekan-Dev-glass-projects-lab-originals-css-glass-main-css-glass-main	css-glass-main		/Users/lekan/Dev/glass-projects-lab/originals/css-glass-main/css.glass-main	/Users/lekan/Dev/glass-projects-lab/originals/css-glass-main/css.glass-main	/Users/lekan/Dev/glass-projects-lab/originals/css-glass-main/css.glass-main	github			static-html	browser	pnpm		pnpm run build	dist	False	False	False	False	False		False	6a93024029c096e0d53a2ccf3fd40dda0885c948a262d8803eecbea7ce723c0d	True	standalone	glasslab-Users-lekan-Dev-glass-projects-lab-originals-css-glass-main-css-glass-main
glasslab-Users-lekan-Dev-glass-projects-lab-originals-slider-button-liquid-glass-apple-ios-262025-slider-button-liquid-glass-apple-ios-262025-src	slider-button-liquid-glass-apple-ios-262025		/Users/lekan/Dev/glass-projects-lab/originals/slider-button-liquid-glass-apple-ios-262025/slider-button-liquid-glass-apple-ios-262025/src	/Users/lekan/Dev/glass-projects-lab/originals/slider-button-liquid-glass-apple-ios-262025/slider-button-liquid-glass-apple-ios-262025/src	/Users/lekan/Dev/glass-projects-lab/originals/slider-button-liquid-glass-apple-ios-262025/slider-button-liquid-glass-apple-ios-262025/src	github			html-fragment	browser	npm				False	False	False	False	False		False	3c4e14b4aff47af342db40b8013d245703c6379216905d5449b8b383d980e93f	True	standalone	glasslab-Users-lekan-Dev-glass-projects-lab-originals-slider-button-liquid-glass-apple-ios-262025-sl
glasslab-Users-lekan-Dev-glass-projects-lab-originals-glass-model-1-glass-model-src	glass-model-1		/Users/lekan/Dev/glass-projects-lab/originals/glass-model-1/glass-model/src	/Users/lekan/Dev/glass-projects-lab/originals/glass-model-1/glass-model/src	/Users/lekan/Dev/glass-projects-lab/originals/glass-model-1/glass-model/src	github			html-fragment	browser	npm				False	False	False	False	False		False	ee63634fb0a1249cf5e904aee409a1569c699f4a2898a4a764232049560af695	True	standalone	glasslab-Users-lekan-Dev-glass-projects-lab-originals-glass-model-1-glass-model-src
glasslab-Users-lekan-Dev-glass-projects-lab-originals-cross-browser-liquid-toggle-drag-tap-cross-browser-liquid-toggle-drag-tap-src	cross-browser-liquid-toggle-drag-tap		/Users/lekan/Dev/glass-projects-lab/originals/cross-browser-liquid-toggle-drag-tap/cross-browser-liquid-toggle-drag-tap/src	/Users/lekan/Dev/glass-projects-lab/originals/cross-browser-liquid-toggle-drag-tap/cross-browser-liquid-toggle-drag-tap/src	/Users/lekan/Dev/glass-projects-lab/originals/cross-browser-liquid-toggle-drag-tap/cross-browser-liquid-toggle-drag-tap/src	github			html-fragment	browser	npm				False	False	False	False	False		False	1e243f4b27094b869d2b8cb9f688f0a88c1151970d34bb4b6cd59d9a2cab7de0	True	standalone	glasslab-Users-lekan-Dev-glass-projects-lab-originals-cross-browser-liquid-toggle-drag-tap-cross-bro
glasslab-Users-lekan-Dev-glass-projects-lab-originals-liquid-glass-effect-wwdc25-liquid-glass-effect-wwdc25-src	liquid-glass-effect-wwdc25		/Users/lekan/Dev/glass-projects-lab/originals/liquid-glass-effect-wwdc25/liquid-glass-effect-wwdc25/src	/Users/lekan/Dev/glass-projects-lab/originals/liquid-glass-effect-wwdc25/liquid-glass-effect-wwdc25/src	/Users/lekan/Dev/glass-projects-lab/originals/liquid-glass-effect-wwdc25/liquid-glass-effect-wwdc25/src	github			static-html	browser	npm				False	False	False	False	False		False	f5bdee0eb49dc89ec340802f672dcbc364f6abd84c53efa903c968d5b0a93997	True	standalone	glasslab-Users-lekan-Dev-glass-projects-lab-originals-liquid-glass-effect-wwdc25-liquid-glass-effect
glasslab-Users-lekan-Dev-glass-projects-lab-originals-7-css-main-7-css-main	7-css-main		/Users/lekan/Dev/glass-projects-lab/originals/7-css-main/7.css-main	/Users/lekan/Dev/glass-projects-lab/originals/7-css-main/7.css-main	/Users/lekan/Dev/glass-projects-lab/originals/7-css-main/7.css-main	github			static-html	browser	npm		npm run build	dist	False	False	False	False	False		False	70c7b8895468980c0693bb7da438e08fd7220576f4dc95e722757075096a38ba	True	standalone	glasslab-Users-lekan-Dev-glass-projects-lab-originals-7-css-main-7-css-main
glasslab-Users-lekan-Dev-glass-projects-lab-originals-liquid-glass-main-liquid-glass-main	liquid-glass-main		/Users/lekan/Dev/glass-projects-lab/originals/liquid-glass-main/liquid-glass-main	/Users/lekan/Dev/glass-projects-lab/originals/liquid-glass-main/liquid-glass-main	/Users/lekan/Dev/glass-projects-lab/originals/liquid-glass-main/liquid-glass-main	github			static-html	browser	npm				False	False	False	False	False		False	ef3a17337490fd79ea1b3582794d37f45c92c782aa6d7446abecf3abde6f3cc4	True	standalone	glasslab-Users-lekan-Dev-glass-projects-lab-originals-liquid-glass-main-liquid-glass-main
glasslab-Users-lekan-Dev-glass-projects-lab-originals-7-aero-stylesheet-main-7-Aero-Stylesheet-main	7-aero-stylesheet-main		/Users/lekan/Dev/glass-projects-lab/originals/7-aero-stylesheet-main/7-Aero-Stylesheet-main	/Users/lekan/Dev/glass-projects-lab/originals/7-aero-stylesheet-main/7-Aero-Stylesheet-main	/Users/lekan/Dev/glass-projects-lab/originals/7-aero-stylesheet-main/7-Aero-Stylesheet-main	github			static-html	browser	npm				False	False	False	False	False		False	d347872c6942f9677ed67ba8a0ca113b9b94a543634de6f8872faf4ad7f6864b	True	standalone	glasslab-Users-lekan-Dev-glass-projects-lab-originals-7-aero-stylesheet-main-7-Aero-Stylesheet-main
glasslab-Users-lekan-Dev-glass-projects-lab-originals-glass-button-css-only-1-glass-button-css-only-src	glass-button-css-only-1		/Users/lekan/Dev/glass-projects-lab/originals/glass-button-css-only-1/glass-button-css-only/src	/Users/lekan/Dev/glass-projects-lab/originals/glass-button-css-only-1/glass-button-css-only/src	/Users/lekan/Dev/glass-projects-lab/originals/glass-button-css-only-1/glass-button-css-only/src	github			html-fragment	browser	npm				False	False	False	False	False		False	b264017ca784cd3d1d9703c0cc7d143041792407327e995239aaecc15c81e395	True	standalone	glasslab-Users-lekan-Dev-glass-projects-lab-originals-glass-button-css-only-1-glass-button-css-only-
glasslab-Users-lekan-Dev-glass-projects-lab-originals-pure-css-ios-26-liquid-glass-effect-pure-css-ios-26-liquid-glass-effect-src	pure-css-ios-26-liquid-glass-effect		/Users/lekan/Dev/glass-projects-lab/originals/pure-css-ios-26-liquid-glass-effect/pure-css-ios-26-liquid-glass-effect/src	/Users/lekan/Dev/glass-projects-lab/originals/pure-css-ios-26-liquid-glass-effect/pure-css-ios-26-liquid-glass-effect/src	/Users/lekan/Dev/glass-projects-lab/originals/pure-css-ios-26-liquid-glass-effect/pure-css-ios-26-liquid-glass-effect/src	github			html-fragment	browser	npm				False	False	False	False	False		False	beeaeb70aa3b5cbca732fda318f91de4fae04af11d6767dbc147a685b8b4304e	True	standalone	glasslab-Users-lekan-Dev-glass-projects-lab-originals-pure-css-ios-26-liquid-glass-effect-pure-css-i
glasslab-Users-lekan-Dev-glass-projects-lab-originals-apple-liquid-glass-from-lucasromerodb-liquid-glass-effect-macos-apple-liquid-glass-from-lucasromerodb-liquid-glass-effect-macos-src	apple-liquid-glass-from-lucasromerodb-liquid-glass-effect-macos		/Users/lekan/Dev/glass-projects-lab/originals/apple-liquid-glass-from-lucasromerodb-liquid-glass-effect-macos/apple-liquid-glass-from-lucasromerodb-liquid-glass-effect-macos/src	/Users/lekan/Dev/glass-projects-lab/originals/apple-liquid-glass-from-lucasromerodb-liquid-glass-effect-macos/apple-liquid-glass-from-lucasromerodb-liquid-glass-effect-macos/src	/Users/lekan/Dev/glass-projects-lab/originals/apple-liquid-glass-from-lucasromerodb-liquid-glass-effect-macos/apple-liquid-glass-from-lucasromerodb-liquid-glass-effect-macos/src	github			html-fragment	browser	npm				False	False	False	False	False		False	a70f9df2f7a8763cf4334a57d5eed4fca3d72c9b98dd58a34965d90042da0ea2	True	standalone	glasslab-Users-lekan-Dev-glass-projects-lab-originals-apple-liquid-glass-from-lucasromerodb-liquid-g
glasslab-Users-lekan-Dev-glass-projects-lab-originals-liquid-glass-scroll-drag-configure-chromium-liquid-glass-scroll-drag-configure-chromium-src	liquid-glass-scroll-drag-configure-chromium		/Users/lekan/Dev/glass-projects-lab/originals/liquid-glass-scroll-drag-configure-chromium/liquid-glass-scroll-drag-configure-chromium/src	/Users/lekan/Dev/glass-projects-lab/originals/liquid-glass-scroll-drag-configure-chromium/liquid-glass-scroll-drag-configure-chromium/src	/Users/lekan/Dev/glass-projects-lab/originals/liquid-glass-scroll-drag-configure-chromium/liquid-glass-scroll-drag-configure-chromium/src	github			html-fragment	browser	npm				False	False	False	False	False		False	2c906d1e6582091411029521351ede30b282c45233fc204adaa95100c87142fe	True	standalone	glasslab-Users-lekan-Dev-glass-projects-lab-originals-liquid-glass-scroll-drag-configure-chromium-li
glasslab-Users-lekan-Dev-glass-projects-lab-originals-liquidgl-main-liquidGL-main	liquidgl-main		/Users/lekan/Dev/glass-projects-lab/originals/liquidgl-main/liquidGL-main	/Users/lekan/Dev/glass-projects-lab/originals/liquidgl-main/liquidGL-main	/Users/lekan/Dev/glass-projects-lab/originals/liquidgl-main/liquidGL-main	github			static-html	browser	npm				False	False	False	False	False		False	97703ac400cbb1a9a081a21f3d273efbb49a48d88f48262277dfc5234ce74852	True	standalone	glasslab-Users-lekan-Dev-glass-projects-lab-originals-liquidgl-main-liquidGL-main
glasslab-Users-lekan-Dev-glass-projects-lab-originals-frontend-projects-main-Frontend-Projects-main-tictactoe (vanilla)	frontend-projects-main		/Users/lekan/Dev/glass-projects-lab/originals/frontend-projects-main/Frontend-Projects-main/tictactoe (vanilla)	/Users/lekan/Dev/glass-projects-lab/originals/frontend-projects-main/Frontend-Projects-main/tictactoe (vanilla)	/Users/lekan/Dev/glass-projects-lab/originals/frontend-projects-main/Frontend-Projects-main/tictactoe (vanilla)	github			static-html	browser	npm				False	False	False	False	False		False	db282624cec7c208abdfb7852effe1821115001b7bdb594b67fa55afca995feb	True	standalone	glasslab-Users-lekan-Dev-glass-projects-lab-originals-frontend-projects-main-Frontend-Projects-main-
glasslab-Users-lekan-Dev-glass-projects-lab-originals-frontend-projects-main-Frontend-Projects-main-css-if-function	frontend-projects-main		/Users/lekan/Dev/glass-projects-lab/originals/frontend-projects-main/Frontend-Projects-main/css-if-function	/Users/lekan/Dev/glass-projects-lab/originals/frontend-projects-main/Frontend-Projects-main/css-if-function	/Users/lekan/Dev/glass-projects-lab/originals/frontend-projects-main/Frontend-Projects-main/css-if-function	github			static-html	browser	npm				False	False	False	False	False		False	69914860a1b973724f88abc5270bf3bf80e5a670af969953da3ee2c45309cf8d	True	standalone	glasslab-Users-lekan-Dev-glass-projects-lab-originals-frontend-projects-main-Frontend-Projects-main-
glasslab-Users-lekan-Dev-glass-projects-lab-originals-frontend-projects-main-Frontend-Projects-main-weeklyhow-custom-storefront	frontend-projects-main		/Users/lekan/Dev/glass-projects-lab/originals/frontend-projects-main/Frontend-Projects-main/weeklyhow-custom-storefront	/Users/lekan/Dev/glass-projects-lab/originals/frontend-projects-main/Frontend-Projects-main/weeklyhow-custom-storefront	/Users/lekan/Dev/glass-projects-lab/originals/frontend-projects-main/Frontend-Projects-main/weeklyhow-custom-storefront	github			react	browser	npm		npm run build	dist	False	False	False	False	False		False	1f424e946ff9e7f011ed4aec73a07e0d5de0f4db8c836dde0e50d9ce7c0f3554	True	standalone	glasslab-Users-lekan-Dev-glass-projects-lab-originals-frontend-projects-main-Frontend-Projects-main-
glasslab-Users-lekan-Dev-glass-projects-lab-originals-frontend-projects-main-Frontend-Projects-main-tictactoe	frontend-projects-main		/Users/lekan/Dev/glass-projects-lab/originals/frontend-projects-main/Frontend-Projects-main/tictactoe	/Users/lekan/Dev/glass-projects-lab/originals/frontend-projects-main/Frontend-Projects-main/tictactoe	/Users/lekan/Dev/glass-projects-lab/originals/frontend-projects-main/Frontend-Projects-main/tictactoe	github			react	browser	npm		npm run build	dist	False	False	False	False	False		False	4580ce971fd8f50deb711948ae2bc7d5f1a344282f197f21d08d2678930c743d	True	standalone	glasslab-Users-lekan-Dev-glass-projects-lab-originals-frontend-projects-main-Frontend-Projects-main-
glasslab-Users-lekan-Dev-glass-projects-lab-originals-frontend-projects-main-Frontend-Projects-main-tictactoe-public	frontend-projects-main		/Users/lekan/Dev/glass-projects-lab/originals/frontend-projects-main/Frontend-Projects-main/tictactoe/public	/Users/lekan/Dev/glass-projects-lab/originals/frontend-projects-main/Frontend-Projects-main/tictactoe/public	/Users/lekan/Dev/glass-projects-lab/originals/frontend-projects-main/Frontend-Projects-main/tictactoe/public	github			static-html	browser	npm				False	True	False	False	False		False	ab1e6112a660e7071a84449a7d530b2fc6e12590e372a0d1d3909ca0b06ea4b6	False	framework `public` directory is not an independent application	glasslab-Users-lekan-Dev-glass-projects-lab-originals-frontend-projects-main-Frontend-Projects-main-
glasslab-Users-lekan-Dev-glass-projects-lab-originals-frontend-projects-main-Frontend-Projects-main-prime-vue-project	frontend-projects-main		/Users/lekan/Dev/glass-projects-lab/originals/frontend-projects-main/Frontend-Projects-main/prime-vue-project	/Users/lekan/Dev/glass-projects-lab/originals/frontend-projects-main/Frontend-Projects-main/prime-vue-project	/Users/lekan/Dev/glass-projects-lab/originals/frontend-projects-main/Frontend-Projects-main/prime-vue-project	github			vue	browser	npm		npm run build	dist	False	False	False	False	False		False	46fac345d313d1d9818d51a1427f75b05a42c905035f7f26d13902186ce50ec7	True	standalone	glasslab-Users-lekan-Dev-glass-projects-lab-originals-frontend-projects-main-Frontend-Projects-main-
glasslab-Users-lekan-Dev-glass-projects-lab-originals-frontend-projects-main-Frontend-Projects-main-vuetify-project	frontend-projects-main		/Users/lekan/Dev/glass-projects-lab/originals/frontend-projects-main/Frontend-Projects-main/vuetify-project	/Users/lekan/Dev/glass-projects-lab/originals/frontend-projects-main/Frontend-Projects-main/vuetify-project	/Users/lekan/Dev/glass-projects-lab/originals/frontend-projects-main/Frontend-Projects-main/vuetify-project	github			vue	browser	npm		npm run build	dist	False	False	False	False	False		False	29c60bfdfd2b63dd060601c8ed2965be7289f5f80405323c3d52043a6d9f9e54	True	standalone	glasslab-Users-lekan-Dev-glass-projects-lab-originals-frontend-projects-main-Frontend-Projects-main-
glasslab-Users-lekan-Dev-glass-projects-lab-originals-frontend-projects-main-Frontend-Projects-main-weeklyhow-instantsearch	frontend-projects-main		/Users/lekan/Dev/glass-projects-lab/originals/frontend-projects-main/Frontend-Projects-main/weeklyhow-instantsearch	/Users/lekan/Dev/glass-projects-lab/originals/frontend-projects-main/Frontend-Projects-main/weeklyhow-instantsearch	/Users/lekan/Dev/glass-projects-lab/originals/frontend-projects-main/Frontend-Projects-main/weeklyhow-instantsearch	github			react	browser	yarn		yarn run build	dist	False	False	False	False	False		False	4d7358fae5023d701b5e0acc86a0596e6ebd89546fbf4d91eafd3198d7991213	True	standalone	glasslab-Users-lekan-Dev-glass-projects-lab-originals-frontend-projects-main-Frontend-Projects-main-
glasslab-Users-lekan-Dev-glass-projects-lab-originals-frontend-projects-main-Frontend-Projects-main-task-manager-app	frontend-projects-main		/Users/lekan/Dev/glass-projects-lab/originals/frontend-projects-main/Frontend-Projects-main/task-manager-app	/Users/lekan/Dev/glass-projects-lab/originals/frontend-projects-main/Frontend-Projects-main/task-manager-app	/Users/lekan/Dev/glass-projects-lab/originals/frontend-projects-main/Frontend-Projects-main/task-manager-app	github			static-html	browser	npm		npm run build	dist	False	False	False	False	False		False	d74d18dcfe604527228c2e7fa48ed186e34e812f5bc78694e25fab36e287a619	True	standalone	glasslab-Users-lekan-Dev-glass-projects-lab-originals-frontend-projects-main-Frontend-Projects-main-
glasslab-Users-lekan-Dev-glass-projects-lab-originals-frontend-projects-main-Frontend-Projects-main-task-manager-app-client	frontend-projects-main		/Users/lekan/Dev/glass-projects-lab/originals/frontend-projects-main/Frontend-Projects-main/task-manager-app/client	/Users/lekan/Dev/glass-projects-lab/originals/frontend-projects-main/Frontend-Projects-main/task-manager-app/client	/Users/lekan/Dev/glass-projects-lab/originals/frontend-projects-main/Frontend-Projects-main/task-manager-app/client	github			react	browser	npm		npm run build	dist	False	False	False	False	False		False	b70a26a10a5bf6a5c3db5febbcfc5fb7a819533cb9cb60f74f97f94b47be0f25	True	standalone	glasslab-Users-lekan-Dev-glass-projects-lab-originals-frontend-projects-main-Frontend-Projects-main-
glasslab-Users-lekan-Dev-glass-projects-lab-originals-frontend-projects-main-Frontend-Projects-main-task-manager-app-client-public	frontend-projects-main		/Users/lekan/Dev/glass-projects-lab/originals/frontend-projects-main/Frontend-Projects-main/task-manager-app/client/public	/Users/lekan/Dev/glass-projects-lab/originals/frontend-projects-main/Frontend-Projects-main/task-manager-app/client/public	/Users/lekan/Dev/glass-projects-lab/originals/frontend-projects-main/Frontend-Projects-main/task-manager-app/client/public	github			static-html	browser	npm				False	True	False	False	False		False	ccb5e745984276dff82a1b6c63bbc88b09da35113d7fa6455c7ff890391c7653	False	framework `public` directory is not an independent application	glasslab-Users-lekan-Dev-glass-projects-lab-originals-frontend-projects-main-Frontend-Projects-main-
glasslab-Users-lekan-Dev-glass-projects-lab-originals-frontend-projects-main-Frontend-Projects-main-liquid-glass-vue	frontend-projects-main		/Users/lekan/Dev/glass-projects-lab/originals/frontend-projects-main/Frontend-Projects-main/liquid-glass-vue	/Users/lekan/Dev/glass-projects-lab/originals/frontend-projects-main/Frontend-Projects-main/liquid-glass-vue	/Users/lekan/Dev/glass-projects-lab/originals/frontend-projects-main/Frontend-Projects-main/liquid-glass-vue	github			vue	browser	npm		npm run build	dist	False	False	False	False	False		False	95af541f776c153512f91609f3517b5408347c35f50d27f5a1f7ba79ae1f75f5	True	standalone	glasslab-Users-lekan-Dev-glass-projects-lab-originals-frontend-projects-main-Frontend-Projects-main-
glasslab-Users-lekan-Dev-glass-projects-lab-originals-frontend-projects-main-Frontend-Projects-main-advanced-javascript-class-word-guess-game-app	frontend-projects-main		/Users/lekan/Dev/glass-projects-lab/originals/frontend-projects-main/Frontend-Projects-main/advanced-javascript-class/word-guess-game/app	/Users/lekan/Dev/glass-projects-lab/originals/frontend-projects-main/Frontend-Projects-main/advanced-javascript-class/word-guess-game/app	/Users/lekan/Dev/glass-projects-lab/originals/frontend-projects-main/Frontend-Projects-main/advanced-javascript-class/word-guess-game/app	github			react	browser	npm		npm run build	dist	False	False	False	False	False		False	1354ddbf53753b71a5fe4263f96d1f937b2b4bdbd0da08ad45703afd232f9b4f	True	standalone	glasslab-Users-lekan-Dev-glass-projects-lab-originals-frontend-projects-main-Frontend-Projects-main-
glasslab-Users-lekan-Dev-glass-projects-lab-originals-frontend-projects-main-Frontend-Projects-main-advanced-javascript-class-word-guess-game-app-public	frontend-projects-main		/Users/lekan/Dev/glass-projects-lab/originals/frontend-projects-main/Frontend-Projects-main/advanced-javascript-class/word-guess-game/app/public	/Users/lekan/Dev/glass-projects-lab/originals/frontend-projects-main/Frontend-Projects-main/advanced-javascript-class/word-guess-game/app/public	/Users/lekan/Dev/glass-projects-lab/originals/frontend-projects-main/Frontend-Projects-main/advanced-javascript-class/word-guess-game/app/public	github			static-html	browser	npm				False	True	False	False	False		False	ab1e6112a660e7071a84449a7d530b2fc6e12590e372a0d1d3909ca0b06ea4b6	False	framework `public` directory is not an independent application	glasslab-Users-lekan-Dev-glass-projects-lab-originals-frontend-projects-main-Frontend-Projects-main-
glasslab-Users-lekan-Dev-glass-projects-lab-originals-frontend-projects-main-Frontend-Projects-main-movie-instantsearch	frontend-projects-main		/Users/lekan/Dev/glass-projects-lab/originals/frontend-projects-main/Frontend-Projects-main/movie-instantsearch	/Users/lekan/Dev/glass-projects-lab/originals/frontend-projects-main/Frontend-Projects-main/movie-instantsearch	/Users/lekan/Dev/glass-projects-lab/originals/frontend-projects-main/Frontend-Projects-main/movie-instantsearch	github			react	browser	yarn		yarn run build	dist	False	False	False	False	False		False	e33f52e89e4555d5cd4b67b074e0eafd213e963797c621c1d45af6f5d7197903	True	standalone	glasslab-Users-lekan-Dev-glass-projects-lab-originals-frontend-projects-main-Frontend-Projects-main-
glasslab-Users-lekan-Dev-glass-projects-lab-originals-liquid-glass-effect-liquid-glass-effect-src	liquid-glass-effect		/Users/lekan/Dev/glass-projects-lab/originals/liquid-glass-effect/liquid-glass-effect/src	/Users/lekan/Dev/glass-projects-lab/originals/liquid-glass-effect/liquid-glass-effect/src	/Users/lekan/Dev/glass-projects-lab/originals/liquid-glass-effect/liquid-glass-effect/src	github			html-fragment	browser	npm				False	False	False	False	False		False	8fb9ee178bf19906239e265ba64726b88045ed256cea2c5c60be0e1d72b4e3c5	True	standalone	glasslab-Users-lekan-Dev-glass-projects-lab-originals-liquid-glass-effect-liquid-glass-effect-src
glasslab-Users-lekan-Dev-glass-projects-lab-originals-liquid-glass-menu-liquid-glass-menu-src	liquid-glass-menu		/Users/lekan/Dev/glass-projects-lab/originals/liquid-glass-menu/liquid-glass-menu/src	/Users/lekan/Dev/glass-projects-lab/originals/liquid-glass-menu/liquid-glass-menu/src	/Users/lekan/Dev/glass-projects-lab/originals/liquid-glass-menu/liquid-glass-menu/src	github			html-fragment	browser	npm				False	False	False	False	False		False	09eed3ba8c8c7c1d8609ae5823cad0bb1fbec4fa04bad81ff7e9989bd64c5b2c	True	standalone	glasslab-Users-lekan-Dev-glass-projects-lab-originals-liquid-glass-menu-liquid-glass-menu-src
glasslab-Users-lekan-Dev-glass-projects-lab-originals-press-starthot-wheels-aerial-pursuit-liquid-glass-navigation-press-starthot-wheels-aerial-pursuit-liquid-glass-navigation-src	press-starthot-wheels-aerial-pursuit-liquid-glass-navigation		/Users/lekan/Dev/glass-projects-lab/originals/press-starthot-wheels-aerial-pursuit-liquid-glass-navigation/press-starthot-wheels-aerial-pursuit-liquid-glass-navigation/src	/Users/lekan/Dev/glass-projects-lab/originals/press-starthot-wheels-aerial-pursuit-liquid-glass-navigation/press-starthot-wheels-aerial-pursuit-liquid-glass-navigation/src	/Users/lekan/Dev/glass-projects-lab/originals/press-starthot-wheels-aerial-pursuit-liquid-glass-navigation/press-starthot-wheels-aerial-pursuit-liquid-glass-navigation/src	github			html-fragment	browser	npm				False	False	False	False	False		False	97aba3e7555670cc45fc36202ff544885d9b9b311c7670746d1905cef6b6aa1c	True	standalone	glasslab-Users-lekan-Dev-glass-projects-lab-originals-press-starthot-wheels-aerial-pursuit-liquid-gl
glasslab-Users-lekan-Dev-glass-projects-lab-originals-glass-like-css-1-glass-like-css-src	glass-like-css-1		/Users/lekan/Dev/glass-projects-lab/originals/glass-like-css-1/glass-like-css/src	/Users/lekan/Dev/glass-projects-lab/originals/glass-like-css-1/glass-like-css/src	/Users/lekan/Dev/glass-projects-lab/originals/glass-like-css-1/glass-like-css/src	github			html-fragment	browser	npm				False	False	False	False	False		False	5b610dd1baf5c9861cd2f27b8178b0988c19edff6b3ca9fda7c67da81f9c84e3	True	standalone	glasslab-Users-lekan-Dev-glass-projects-lab-originals-glass-like-css-1-glass-like-css-src
glasslab-Users-lekan-Dev-glass-projects-lab-originals-liquid-glass-cubiq-liquid-glass-cubiq-src	liquid-glass-cubiq		/Users/lekan/Dev/glass-projects-lab/originals/liquid-glass-cubiq/liquid-glass-cubiq/src	/Users/lekan/Dev/glass-projects-lab/originals/liquid-glass-cubiq/liquid-glass-cubiq/src	/Users/lekan/Dev/glass-projects-lab/originals/liquid-glass-cubiq/liquid-glass-cubiq/src	github			html-fragment	browser	npm				False	False	False	False	False		False	e3a44701b3eb06064a19790c9ea35fdf3cb44647c7745409cd0e57a65cfb0218	True	standalone	glasslab-Users-lekan-Dev-glass-projects-lab-originals-liquid-glass-cubiq-liquid-glass-cubiq-src
glasslab-Users-lekan-Dev-glass-projects-lab-originals-svg-liquid-glass-1-svg-liquid-glass-src	svg-liquid-glass-1		/Users/lekan/Dev/glass-projects-lab/originals/svg-liquid-glass-1/svg-liquid-glass/src	/Users/lekan/Dev/glass-projects-lab/originals/svg-liquid-glass-1/svg-liquid-glass/src	/Users/lekan/Dev/glass-projects-lab/originals/svg-liquid-glass-1/svg-liquid-glass/src	github			html-fragment	browser	npm				False	False	False	False	False		False	0d631f76ba3959325ca5796de81cda922393313e1cc9225b4cf2ad3b549d1cfa	True	standalone	glasslab-Users-lekan-Dev-glass-projects-lab-originals-svg-liquid-glass-1-svg-liquid-glass-src
glasslab-Users-lekan-Dev-glass-projects-lab-originals-liquid-glass-6-liquid-glass-src	liquid-glass-6		/Users/lekan/Dev/glass-projects-lab/originals/liquid-glass-6/liquid-glass/src	/Users/lekan/Dev/glass-projects-lab/originals/liquid-glass-6/liquid-glass/src	/Users/lekan/Dev/glass-projects-lab/originals/liquid-glass-6/liquid-glass/src	github			html-fragment	browser	npm				False	False	False	False	False		False	8c3482639ce7e19a684b9e5cfc53bcd5b6b03be7057bf49f9b5d7530eae8e9b9	True	standalone	glasslab-Users-lekan-Dev-glass-projects-lab-originals-liquid-glass-6-liquid-glass-src
glasslab-Users-lekan-Dev-glass-projects-lab-originals-ios-liquid-glass-ios-liquid-glass-src	ios-liquid-glass		/Users/lekan/Dev/glass-projects-lab/originals/ios-liquid-glass/ios-liquid-glass/src	/Users/lekan/Dev/glass-projects-lab/originals/ios-liquid-glass/ios-liquid-glass/src	/Users/lekan/Dev/glass-projects-lab/originals/ios-liquid-glass/ios-liquid-glass/src	github			html-fragment	browser	npm				False	False	False	False	False		False	6659d1e6b8814143ec5abd8f9e2bdf02b8b303bb99fdb3ae25c49f5c29e6e9dc	True	standalone	glasslab-Users-lekan-Dev-glass-projects-lab-originals-ios-liquid-glass-ios-liquid-glass-src
glasslab-Users-lekan-Dev-glass-projects-lab-originals-apple-liquid-glass-ui-2025-apple-liquid-glass-ui-2025-src	apple-liquid-glass-ui-2025		/Users/lekan/Dev/glass-projects-lab/originals/apple-liquid-glass-ui-2025/apple-liquid-glass-ui-2025/src	/Users/lekan/Dev/glass-projects-lab/originals/apple-liquid-glass-ui-2025/apple-liquid-glass-ui-2025/src	/Users/lekan/Dev/glass-projects-lab/originals/apple-liquid-glass-ui-2025/apple-liquid-glass-ui-2025/src	github			html-fragment	browser	npm				False	False	False	False	False		False	2bfa0c8993656269cbc466787bea2aac2dfefd46058bde322ac177aaa0685353	True	standalone	glasslab-Users-lekan-Dev-glass-projects-lab-originals-apple-liquid-glass-ui-2025-apple-liquid-glass-
glasslab-Users-lekan-Dev-glass-projects-lab-originals-pure-css-glassmorphism-liquid-glass-ui-kit-1-pure-css-glassmorphism-liquid-glass-ui-kit-src	pure-css-glassmorphism-liquid-glass-ui-kit-1		/Users/lekan/Dev/glass-projects-lab/originals/pure-css-glassmorphism-liquid-glass-ui-kit-1/pure-css-glassmorphism-liquid-glass-ui-kit/src	/Users/lekan/Dev/glass-projects-lab/originals/pure-css-glassmorphism-liquid-glass-ui-kit-1/pure-css-glassmorphism-liquid-glass-ui-kit/src	/Users/lekan/Dev/glass-projects-lab/originals/pure-css-glassmorphism-liquid-glass-ui-kit-1/pure-css-glassmorphism-liquid-glass-ui-kit/src	github			html-fragment	browser	npm				False	False	False	False	False		False	35b8f4e01dc93d7b727744322bab591e2ca41d8c73e09a87eadd519acd970bdc	True	standalone	glasslab-Users-lekan-Dev-glass-projects-lab-originals-pure-css-glassmorphism-liquid-glass-ui-kit-1-p
glasslab-Users-lekan-Dev-glass-projects-lab-originals-select-dropdown-with-appearance-base-select-liquid-glass-1-select-dropdown-with-appearance-base-select-liquid-glass-src	select-dropdown-with-appearance-base-select-liquid-glass-1		/Users/lekan/Dev/glass-projects-lab/originals/select-dropdown-with-appearance-base-select-liquid-glass-1/select-dropdown-with-appearance-base-select-liquid-glass/src	/Users/lekan/Dev/glass-projects-lab/originals/select-dropdown-with-appearance-base-select-liquid-glass-1/select-dropdown-with-appearance-base-select-liquid-glass/src	/Users/lekan/Dev/glass-projects-lab/originals/select-dropdown-with-appearance-base-select-liquid-glass-1/select-dropdown-with-appearance-base-select-liquid-glass/src	github			html-fragment	browser	npm				False	False	False	False	False		False	92e12220f3d131249830901cc7c09e840015f463e38c9935ab264796ebed12a4	True	standalone	glasslab-Users-lekan-Dev-glass-projects-lab-originals-select-dropdown-with-appearance-base-select-li
glasslab-Users-lekan-Dev-glass-projects-lab-originals-liquid-dom-master-1-liquid-dom-master	liquid-dom-master-1		/Users/lekan/Dev/glass-projects-lab/originals/liquid-dom-master-1/liquid-dom-master	/Users/lekan/Dev/glass-projects-lab/originals/liquid-dom-master-1/liquid-dom-master	/Users/lekan/Dev/glass-projects-lab/originals/liquid-dom-master-1/liquid-dom-master	github			static-html	browser	pnpm		pnpm run build	dist	False	False	False	False	False		False	62476edb55a9f4b970b72a557f04c86276383319bec5f02cd79887f01ad280fe	True	standalone	glasslab-Users-lekan-Dev-glass-projects-lab-originals-liquid-dom-master-1-liquid-dom-master
glasslab-Users-lekan-Dev-glass-projects-lab-originals-liquid-dom-master-1-liquid-dom-master-demo-three-react	liquid-dom-master-1		/Users/lekan/Dev/glass-projects-lab/originals/liquid-dom-master-1/liquid-dom-master/demo/three-react	/Users/lekan/Dev/glass-projects-lab/originals/liquid-dom-master-1/liquid-dom-master	/Users/lekan/Dev/glass-projects-lab/originals/liquid-dom-master-1/liquid-dom-master/demo/three-react	github			react	browser	pnpm		pnpm run build	dist	False	False	False	False	False		True	b8657ac0d12761c3aae2f21f9c79f01e2f2c4c710a13f8e6c43268b9e62d9d9b	True	real demo	glasslab-Users-lekan-Dev-glass-projects-lab-originals-liquid-dom-master-1-liquid-dom-master-demo-thr
glasslab-Users-lekan-Dev-glass-projects-lab-originals-liquid-dom-master-1-liquid-dom-master-demo-minimal	liquid-dom-master-1		/Users/lekan/Dev/glass-projects-lab/originals/liquid-dom-master-1/liquid-dom-master/demo/minimal	/Users/lekan/Dev/glass-projects-lab/originals/liquid-dom-master-1/liquid-dom-master	/Users/lekan/Dev/glass-projects-lab/originals/liquid-dom-master-1/liquid-dom-master/demo/minimal	github			react	browser	pnpm		pnpm run build	dist	False	False	False	False	False		True	dca5cba1b9264c7db9fcc07c19185498e4eb12f7fe298407358eb630e679c11d	True	real demo	glasslab-Users-lekan-Dev-glass-projects-lab-originals-liquid-dom-master-1-liquid-dom-master-demo-min
glasslab-Users-lekan-Dev-glass-projects-lab-originals-liquid-dom-master-1-liquid-dom-master-demo-three	liquid-dom-master-1		/Users/lekan/Dev/glass-projects-lab/originals/liquid-dom-master-1/liquid-dom-master/demo/three	/Users/lekan/Dev/glass-projects-lab/originals/liquid-dom-master-1/liquid-dom-master	/Users/lekan/Dev/glass-projects-lab/originals/liquid-dom-master-1/liquid-dom-master/demo/three	github			vite-vanilla	browser	pnpm		pnpm run build	dist	False	False	False	False	False		True	f2653e1faad6fd5500dbe0d4b95611af6f6539b88e7f736e00ce7a79044a26ab	True	real demo	glasslab-Users-lekan-Dev-glass-projects-lab-originals-liquid-dom-master-1-liquid-dom-master-demo-thr
glasslab-Users-lekan-Dev-glass-projects-lab-originals-liquid-dom-master-1-liquid-dom-master-demo-three-layout	liquid-dom-master-1		/Users/lekan/Dev/glass-projects-lab/originals/liquid-dom-master-1/liquid-dom-master/demo/three-layout	/Users/lekan/Dev/glass-projects-lab/originals/liquid-dom-master-1/liquid-dom-master	/Users/lekan/Dev/glass-projects-lab/originals/liquid-dom-master-1/liquid-dom-master/demo/three-layout	github			vite-vanilla	browser	pnpm		pnpm run build	dist	False	False	False	False	False		True	9900e4c03165b27ee2ae5f51b58c524a2a93373d85a2305e0ccaad1799fe7c73	True	real demo	glasslab-Users-lekan-Dev-glass-projects-lab-originals-liquid-dom-master-1-liquid-dom-master-demo-thr
glasslab-Users-lekan-Dev-glass-projects-lab-originals-liquid-dom-master-1-liquid-dom-master-demo-showcase	liquid-dom-master-1		/Users/lekan/Dev/glass-projects-lab/originals/liquid-dom-master-1/liquid-dom-master/demo/showcase	/Users/lekan/Dev/glass-projects-lab/originals/liquid-dom-master-1/liquid-dom-master	/Users/lekan/Dev/glass-projects-lab/originals/liquid-dom-master-1/liquid-dom-master/demo/showcase	github			react	browser	pnpm		pnpm run build	dist	False	False	False	False	False		True	4eed64c93e7d35c03d82fa7d74181ed0a429596171d81e36df8a213759f3837b	True	real demo	glasslab-Users-lekan-Dev-glass-projects-lab-originals-liquid-dom-master-1-liquid-dom-master-demo-sho
glasslab-Users-lekan-Dev-glass-projects-lab-originals-liquid-dom-master-1-liquid-dom-master-demo-three-r3f	liquid-dom-master-1		/Users/lekan/Dev/glass-projects-lab/originals/liquid-dom-master-1/liquid-dom-master/demo/three-r3f	/Users/lekan/Dev/glass-projects-lab/originals/liquid-dom-master-1/liquid-dom-master	/Users/lekan/Dev/glass-projects-lab/originals/liquid-dom-master-1/liquid-dom-master/demo/three-r3f	github			react	browser	pnpm		pnpm run build	dist	False	False	False	False	False		True	1db1a962f9e1431d53a5d7f8fce6bc1e33e3736345117aa957fd3c0b4260d653	True	real demo	glasslab-Users-lekan-Dev-glass-projects-lab-originals-liquid-dom-master-1-liquid-dom-master-demo-thr
glasslab-Users-lekan-Dev-glass-projects-lab-originals-liquid-dom-master-1-liquid-dom-master-demo-blending	liquid-dom-master-1		/Users/lekan/Dev/glass-projects-lab/originals/liquid-dom-master-1/liquid-dom-master/demo/blending	/Users/lekan/Dev/glass-projects-lab/originals/liquid-dom-master-1/liquid-dom-master	/Users/lekan/Dev/glass-projects-lab/originals/liquid-dom-master-1/liquid-dom-master/demo/blending	github			react	browser	pnpm		pnpm run build	dist	False	False	False	False	False		True	64c287d8ff2b3a400b94b4def3a5e18fd093a57386d493acbea3e615d874d1c8	True	real demo	glasslab-Users-lekan-Dev-glass-projects-lab-originals-liquid-dom-master-1-liquid-dom-master-demo-ble
glasslab-Users-lekan-Dev-glass-projects-lab-originals-liquid-dom-master-1-liquid-dom-master-packages-core	liquid-dom-master-1		/Users/lekan/Dev/glass-projects-lab/originals/liquid-dom-master-1/liquid-dom-master/packages/core	/Users/lekan/Dev/glass-projects-lab/originals/liquid-dom-master-1/liquid-dom-master	/Users/lekan/Dev/glass-projects-lab/originals/liquid-dom-master-1/liquid-dom-master/packages/core	github			static-html	browser	pnpm		pnpm run build	dist	False	False	True	False	True		True	ff78d1f9f5f970b5d438e719de5b1e13cfdff5da1373d4152a92bfd9feae0ed7	False	package library	glasslab-Users-lekan-Dev-glass-projects-lab-originals-liquid-dom-master-1-liquid-dom-master-packages
glasslab-Users-lekan-Dev-glass-projects-lab-originals-liquid-dom-master-1-liquid-dom-master-packages-layout	liquid-dom-master-1		/Users/lekan/Dev/glass-projects-lab/originals/liquid-dom-master-1/liquid-dom-master/packages/layout	/Users/lekan/Dev/glass-projects-lab/originals/liquid-dom-master-1/liquid-dom-master	/Users/lekan/Dev/glass-projects-lab/originals/liquid-dom-master-1/liquid-dom-master/packages/layout	github			react	browser	pnpm		pnpm run build	dist	False	False	True	False	True		True	a4ac09a0a330ae4faa4cc8a1caf01223ac194b5f61b2c672c16b10719607fe91	False	package library	glasslab-Users-lekan-Dev-glass-projects-lab-originals-liquid-dom-master-1-liquid-dom-master-packages
glasslab-Users-lekan-Dev-glass-projects-lab-originals-liquid-dom-master-1-liquid-dom-master-packages-layout-playground	liquid-dom-master-1		/Users/lekan/Dev/glass-projects-lab/originals/liquid-dom-master-1/liquid-dom-master/packages/layout/playground	/Users/lekan/Dev/glass-projects-lab/originals/liquid-dom-master-1/liquid-dom-master	/Users/lekan/Dev/glass-projects-lab/originals/liquid-dom-master-1/liquid-dom-master/packages/layout/playground	github			static-html	browser	pnpm				False	False	False	False	False		True	80b2347b6ec247084f8627788087f4004857d9e32f4f3c9fa6c3bc67b08d6f1a	True	real demo playground	glasslab-Users-lekan-Dev-glass-projects-lab-originals-liquid-dom-master-1-liquid-dom-master-packages
glasslab-Users-lekan-Dev-glass-projects-lab-originals-liquid-dom-master-1-liquid-dom-master-packages-r3f	liquid-dom-master-1		/Users/lekan/Dev/glass-projects-lab/originals/liquid-dom-master-1/liquid-dom-master/packages/r3f	/Users/lekan/Dev/glass-projects-lab/originals/liquid-dom-master-1/liquid-dom-master	/Users/lekan/Dev/glass-projects-lab/originals/liquid-dom-master-1/liquid-dom-master/packages/r3f	github			react	browser	pnpm		pnpm run build	dist	False	False	True	False	True		True	f1c7c3f883a8d808cf0bbf89ec8ae7008b6ff83f8ce78408cf4319cc74c23993	False	package library	glasslab-Users-lekan-Dev-glass-projects-lab-originals-liquid-dom-master-1-liquid-dom-master-packages
glasslab-Users-lekan-Dev-glass-projects-lab-originals-liquid-dom-master-1-liquid-dom-master-packages-three	liquid-dom-master-1		/Users/lekan/Dev/glass-projects-lab/originals/liquid-dom-master-1/liquid-dom-master/packages/three	/Users/lekan/Dev/glass-projects-lab/originals/liquid-dom-master-1/liquid-dom-master	/Users/lekan/Dev/glass-projects-lab/originals/liquid-dom-master-1/liquid-dom-master/packages/three	github			static-html	browser	pnpm		pnpm run build	dist	False	False	True	False	True		True	2fe58d251ab6f3fb2505ae2d3f13e2f7bfdc777c5a8c39bb5fe19ba2fb63bad3	False	package library	glasslab-Users-lekan-Dev-glass-projects-lab-originals-liquid-dom-master-1-liquid-dom-master-packages
glasslab-Users-lekan-Dev-glass-projects-lab-originals-liquid-dom-master-1-liquid-dom-master-packages-react	liquid-dom-master-1		/Users/lekan/Dev/glass-projects-lab/originals/liquid-dom-master-1/liquid-dom-master/packages/react	/Users/lekan/Dev/glass-projects-lab/originals/liquid-dom-master-1/liquid-dom-master	/Users/lekan/Dev/glass-projects-lab/originals/liquid-dom-master-1/liquid-dom-master/packages/react	github			react	browser	pnpm		pnpm run build	dist	False	False	True	False	True		True	652469598c03ff644669420c921ab50c1e7a01729dd53c6f19365d00224c3c8b	False	package library	glasslab-Users-lekan-Dev-glass-projects-lab-originals-liquid-dom-master-1-liquid-dom-master-packages
glasslab-Users-lekan-Dev-glass-projects-lab-originals-untitled-6-untitled-src	untitled-6		/Users/lekan/Dev/glass-projects-lab/originals/untitled-6/untitled/src	/Users/lekan/Dev/glass-projects-lab/originals/untitled-6/untitled/src	/Users/lekan/Dev/glass-projects-lab/originals/untitled-6/untitled/src	github			html-fragment	browser	npm				False	False	False	False	False		False	d0767d087f49d3a3be9b3f257dced047de85a133c84c1f7cfd2c41ed75b47de0	True	standalone	glasslab-Users-lekan-Dev-glass-projects-lab-originals-untitled-6-untitled-src
glasslab-Users-lekan-Dev-glass-projects-lab-originals-liquid-glass-js-main-liquid-glass-js-main	liquid-glass-js-main		/Users/lekan/Dev/glass-projects-lab/originals/liquid-glass-js-main/liquid-glass-js-main	/Users/lekan/Dev/glass-projects-lab/originals/liquid-glass-js-main/liquid-glass-js-main	/Users/lekan/Dev/glass-projects-lab/originals/liquid-glass-js-main/liquid-glass-js-main	github			static-html	browser	npm				False	False	False	False	False		False	d97767e56bf791da5f89ab7dfb0040db9271b1fd4db4872e33f5df9b782802ae	True	standalone	glasslab-Users-lekan-Dev-glass-projects-lab-originals-liquid-glass-js-main-liquid-glass-js-main
glasslab-Users-lekan-Dev-glass-projects-lab-originals-liquid-glass-components-1-liquid-glass-components-src	liquid-glass-components-1		/Users/lekan/Dev/glass-projects-lab/originals/liquid-glass-components-1/liquid-glass-components/src	/Users/lekan/Dev/glass-projects-lab/originals/liquid-glass-components-1/liquid-glass-components/src	/Users/lekan/Dev/glass-projects-lab/originals/liquid-glass-components-1/liquid-glass-components/src	github			html-fragment	browser	npm				False	False	False	False	False		False	627da6c824fb1cdf54bf82f3872d5351bdcd0363dcb1b51123ff6122b4001b35	True	standalone	glasslab-Users-lekan-Dev-glass-projects-lab-originals-liquid-glass-components-1-liquid-glass-compone
glasslab-Users-lekan-Dev-glass-projects-lab-originals-liquid-glass-tainwildcss-1-liquid-glass-tainwildcss-src	liquid-glass-tainwildcss-1		/Users/lekan/Dev/glass-projects-lab/originals/liquid-glass-tainwildcss-1/liquid-glass-tainwildcss/src	/Users/lekan/Dev/glass-projects-lab/originals/liquid-glass-tainwildcss-1/liquid-glass-tainwildcss/src	/Users/lekan/Dev/glass-projects-lab/originals/liquid-glass-tainwildcss-1/liquid-glass-tainwildcss/src	github			html-fragment	browser	npm				False	False	False	False	False		False	c96eccad152b0af872c552b98f1fcb6e64a246e52b2ca92f2983b22f40dad420	True	standalone	glasslab-Users-lekan-Dev-glass-projects-lab-originals-liquid-glass-tainwildcss-1-liquid-glass-tainwi
glasslab-Users-lekan-Dev-glass-projects-lab-originals-liquid-glass-fluid-movement-1-liquid-glass-fluid-movement-src	liquid-glass-fluid-movement-1		/Users/lekan/Dev/glass-projects-lab/originals/liquid-glass-fluid-movement-1/liquid-glass-fluid-movement/src	/Users/lekan/Dev/glass-projects-lab/originals/liquid-glass-fluid-movement-1/liquid-glass-fluid-movement/src	/Users/lekan/Dev/glass-projects-lab/originals/liquid-glass-fluid-movement-1/liquid-glass-fluid-movement/src	github			static-html	browser	npm				False	False	False	False	False		False	15eea9351703fbd0acad5b18e907626fbb212b92dd77cd7be1fc91efedab26e3	True	standalone	glasslab-Users-lekan-Dev-glass-projects-lab-originals-liquid-glass-fluid-movement-1-liquid-glass-flu
glasslab-Users-lekan-Dev-glass-projects-lab-originals-liquid-glass-react-master-liquid-glass-react-master	liquid-glass-react-master		/Users/lekan/Dev/glass-projects-lab/originals/liquid-glass-react-master/liquid-glass-react-master	/Users/lekan/Dev/glass-projects-lab/originals/liquid-glass-react-master/liquid-glass-react-master	/Users/lekan/Dev/glass-projects-lab/originals/liquid-glass-react-master/liquid-glass-react-master	github			react	browser	npm		npm run build	dist	False	False	True	False	False		False	e5b8d5cabc03813b78ffa9d5b37a5a4d26fbb9065b4e338927b2ae5bb2009085	False	library package	glasslab-Users-lekan-Dev-glass-projects-lab-originals-liquid-glass-react-master-liquid-glass-react-m
glasslab-Users-lekan-Dev-glass-projects-lab-originals-liquid-glass-react-master-liquid-glass-react-master-liquid-glass-example	liquid-glass-react-master		/Users/lekan/Dev/glass-projects-lab/originals/liquid-glass-react-master/liquid-glass-react-master/liquid-glass-example	/Users/lekan/Dev/glass-projects-lab/originals/liquid-glass-react-master/liquid-glass-react-master	/Users/lekan/Dev/glass-projects-lab/originals/liquid-glass-react-master/liquid-glass-react-master/liquid-glass-example	github			nextjs	browser	npm		npm run build	.next	False	False	False	False	False		True	2d56f8badbbca95b1e5b4723a1283a364839fd0bc423fc3bd0d17279217dce04	True	real demo	glasslab-Users-lekan-Dev-glass-projects-lab-originals-liquid-glass-react-master-liquid-glass-react-m
glasslab-Users-lekan-Dev-glass-projects-lab-originals-apple-liquid-glass-1-apple-liquid-glass-src	apple-liquid-glass-1		/Users/lekan/Dev/glass-projects-lab/originals/apple-liquid-glass-1/apple-liquid-glass/src	/Users/lekan/Dev/glass-projects-lab/originals/apple-liquid-glass-1/apple-liquid-glass/src	/Users/lekan/Dev/glass-projects-lab/originals/apple-liquid-glass-1/apple-liquid-glass/src	github			html-fragment	browser	npm				False	False	False	False	False		False	5e50f8971eaacb5919fe32b597122fec5cbb7eab1b2c2a8b94bb8508a81b33b1	True	standalone	glasslab-Users-lekan-Dev-glass-projects-lab-originals-apple-liquid-glass-1-apple-liquid-glass-src
glasslab-Users-lekan-Dev-glass-projects-lab-originals-liquid-glass-shader-liquid-glass-shader-src	liquid-glass-shader		/Users/lekan/Dev/glass-projects-lab/originals/liquid-glass-shader/liquid-glass-shader/src	/Users/lekan/Dev/glass-projects-lab/originals/liquid-glass-shader/liquid-glass-shader/src	/Users/lekan/Dev/glass-projects-lab/originals/liquid-glass-shader/liquid-glass-shader/src	github			html-fragment	browser	npm				False	False	False	False	False		False	6fcfa890d20a6acbf1ca0c364dd2d2487620a2b15d9d655ebf59ef417af9b68a	True	standalone	glasslab-Users-lekan-Dev-glass-projects-lab-originals-liquid-glass-shader-liquid-glass-shader-src
glasslab-Users-lekan-Dev-glass-projects-lab-originals-liquid-glass-5-liquid-glass-src	liquid-glass-5		/Users/lekan/Dev/glass-projects-lab/originals/liquid-glass-5/liquid-glass/src	/Users/lekan/Dev/glass-projects-lab/originals/liquid-glass-5/liquid-glass/src	/Users/lekan/Dev/glass-projects-lab/originals/liquid-glass-5/liquid-glass/src	github			html-fragment	browser	npm				False	False	False	False	False		False	524ad8a3e1fab041bd7b6d67cbb2ae72b88cc279c99a46cd78ca74fbad2e9fdb	True	standalone	glasslab-Users-lekan-Dev-glass-projects-lab-originals-liquid-glass-5-liquid-glass-src
glasslab-Users-lekan-Dev-glass-projects-lab-originals-liquid-glass-2-liquid-glass-src	liquid-glass-2		/Users/lekan/Dev/glass-projects-lab/originals/liquid-glass-2/liquid-glass/src	/Users/lekan/Dev/glass-projects-lab/originals/liquid-glass-2/liquid-glass/src	/Users/lekan/Dev/glass-projects-lab/originals/liquid-glass-2/liquid-glass/src	github			html-fragment	browser	npm				False	False	False	False	False		False	bb28e5da954010857837461fa5169a9e002b483448c124861f49c889edf2f433	True	standalone	glasslab-Users-lekan-Dev-glass-projects-lab-originals-liquid-glass-2-liquid-glass-src
glasslab-Users-lekan-Dev-glass-projects-lab-originals-liquid-glass-switcher-css-1-liquid-glass-switcher-css-src	liquid-glass-switcher-css-1		/Users/lekan/Dev/glass-projects-lab/originals/liquid-glass-switcher-css-1/liquid-glass-switcher-css/src	/Users/lekan/Dev/glass-projects-lab/originals/liquid-glass-switcher-css-1/liquid-glass-switcher-css/src	/Users/lekan/Dev/glass-projects-lab/originals/liquid-glass-switcher-css-1/liquid-glass-switcher-css/src	github			html-fragment	browser	npm				False	False	False	False	False		False	1baae55c5100ef5d20a6313c9f8e02c4c50011b9b7245f7f2028191d4dc264d5	True	standalone	glasslab-Users-lekan-Dev-glass-projects-lab-originals-liquid-glass-switcher-css-1-liquid-glass-switc
glasslab-Users-lekan-Dev-glass-projects-lab-originals-liquid-glass-4-liquid-glass-src	liquid-glass-4		/Users/lekan/Dev/glass-projects-lab/originals/liquid-glass-4/liquid-glass/src	/Users/lekan/Dev/glass-projects-lab/originals/liquid-glass-4/liquid-glass/src	/Users/lekan/Dev/glass-projects-lab/originals/liquid-glass-4/liquid-glass/src	github			html-fragment	browser	npm				False	False	False	False	False		False	a8bfa00af5ef20bc7505fcee37174f0a2a9f3bb70b30fb98fa9f3497d1e2482d	True	standalone	glasslab-Users-lekan-Dev-glass-projects-lab-originals-liquid-glass-4-liquid-glass-src
glasslab-Users-lekan-Dev-glass-projects-lab-originals-apple-liquid-glass-experiments-1-apple-liquid-glass-experiments-src	apple-liquid-glass-experiments-1		/Users/lekan/Dev/glass-projects-lab/originals/apple-liquid-glass-experiments-1/apple-liquid-glass-experiments/src	/Users/lekan/Dev/glass-projects-lab/originals/apple-liquid-glass-experiments-1/apple-liquid-glass-experiments/src	/Users/lekan/Dev/glass-projects-lab/originals/apple-liquid-glass-experiments-1/apple-liquid-glass-experiments/src	github			html-fragment	browser	npm				False	False	False	False	False		False	69ec3cd2af4b4171511b9c571e532071f5bf0912a33f6f1b85bea94405bdcea9	True	standalone	glasslab-Users-lekan-Dev-glass-projects-lab-originals-apple-liquid-glass-experiments-1-apple-liquid-
glasslab-frontend-projects-main-frontend-projects-main-movie-instantsearch			deployments/glasslab-frontend-projects-main-frontend-projects-main-movie-instantsearch		deployments/glasslab-frontend-projects-main-frontend-projects-main-movie-instantsearch																		True	manually added from deployments	glasslab-frontend-projects-main-frontend-projects-main-movie-instantsearch
glasslab-glass-like-css-1-glass-like-css-src			deployments/glasslab-glass-like-css-1-glass-like-css-src		deployments/glasslab-glass-like-css-1-glass-like-css-src																		True	manually added from deployments	glasslab-glass-like-css-1-glass-like-css-src
glasslab-7-aero-stylesheet-main-7-aero-stylesheet-main			deployments/glasslab-7-aero-stylesheet-main-7-aero-stylesheet-main		deployments/glasslab-7-aero-stylesheet-main-7-aero-stylesheet-main																		True	manually added from deployments	glasslab-7-aero-stylesheet-main-7-aero-stylesheet-main
glasslab-frontend-projects-main-frontend-projects-main-css-if-function			deployments/glasslab-frontend-projects-main-frontend-projects-main-css-if-function		deployments/glasslab-frontend-projects-main-frontend-projects-main-css-if-function																		True	manually added from deployments	glasslab-frontend-projects-main-frontend-projects-main-css-if-function
glasslab-ios-liquid-glass-ios-liquid-glass-src			deployments/glasslab-ios-liquid-glass-ios-liquid-glass-src		deployments/glasslab-ios-liquid-glass-ios-liquid-glass-src																		True	manually added from deployments	glasslab-ios-liquid-glass-ios-liquid-glass-src
glasslab-liquid-dom-master-1-liquid-dom-master-packages-r3f			deployments/glasslab-liquid-dom-master-1-liquid-dom-master-packages-r3f		deployments/glasslab-liquid-dom-master-1-liquid-dom-master-packages-r3f																		True	manually added from deployments	glasslab-liquid-dom-master-1-liquid-dom-master-packages-r3f
glasslab-frontend-projects-main-frontend-projects-main-tictactoe			deployments/glasslab-frontend-projects-main-frontend-projects-main-tictactoe		deployments/glasslab-frontend-projects-main-frontend-projects-main-tictactoe																		True	manually added from deployments	glasslab-frontend-projects-main-frontend-projects-main-tictactoe
glasslab-apple-liquid-glass-from-lucasromerodb-liquid-glass-effect-macos-apple-liquid-glass-from-lucasromerodb-liquid-glass-effect-macos-src			deployments/glasslab-apple-liquid-glass-from-lucasromerodb-liquid-glass-effect-macos-apple-liquid-glass-from-lucasromerodb-liquid-glass-effect-macos-src		deployments/glasslab-apple-liquid-glass-from-lucasromerodb-liquid-glass-effect-macos-apple-liquid-glass-from-lucasromerodb-liquid-glass-effect-macos-src																		True	manually added from deployments	glasslab-apple-liquid-glass-from-lucasromerodb-liquid-glass-effect-macos-apple-liquid-glass-from-luc
glasslab-liquid-glass-4-liquid-glass-src			deployments/glasslab-liquid-glass-4-liquid-glass-src		deployments/glasslab-liquid-glass-4-liquid-glass-src																		True	manually added from deployments	glasslab-liquid-glass-4-liquid-glass-src
glasslab-liquid-glass-switcher-css-1-liquid-glass-switcher-css-src			deployments/glasslab-liquid-glass-switcher-css-1-liquid-glass-switcher-css-src		deployments/glasslab-liquid-glass-switcher-css-1-liquid-glass-switcher-css-src																		True	manually added from deployments	glasslab-liquid-glass-switcher-css-1-liquid-glass-switcher-css-src
glasslab-liquid-glass-react-master-liquid-glass-react-master			deployments/glasslab-liquid-glass-react-master-liquid-glass-react-master		deployments/glasslab-liquid-glass-react-master-liquid-glass-react-master																		True	manually added from deployments	glasslab-liquid-glass-react-master-liquid-glass-react-master
glasslab-frontend-projects-main-frontend-projects-main-tictactoe-public			deployments/glasslab-frontend-projects-main-frontend-projects-main-tictactoe-public		deployments/glasslab-frontend-projects-main-frontend-projects-main-tictactoe-public																		True	manually added from deployments	glasslab-frontend-projects-main-frontend-projects-main-tictactoe-public
glasslab-pure-css-ios-26-liquid-glass-effect-pure-css-ios-26-liquid-glass-effect-src			deployments/glasslab-pure-css-ios-26-liquid-glass-effect-pure-css-ios-26-liquid-glass-effect-src		deployments/glasslab-pure-css-ios-26-liquid-glass-effect-pure-css-ios-26-liquid-glass-effect-src																		True	manually added from deployments	glasslab-pure-css-ios-26-liquid-glass-effect-pure-css-ios-26-liquid-glass-effect-src
glasslab-glassmorphism-main-glassmorphism-main			deployments/glasslab-glassmorphism-main-glassmorphism-main		deployments/glasslab-glassmorphism-main-glassmorphism-main																		True	manually added from deployments	glasslab-glassmorphism-main-glassmorphism-main
glasslab-apple-liquid-glass-1-apple-liquid-glass-src			deployments/glasslab-apple-liquid-glass-1-apple-liquid-glass-src		deployments/glasslab-apple-liquid-glass-1-apple-liquid-glass-src																		True	manually added from deployments	glasslab-apple-liquid-glass-1-apple-liquid-glass-src
glasslab-liquid-dom-master-1-liquid-dom-master-demo-three-react			deployments/glasslab-liquid-dom-master-1-liquid-dom-master-demo-three-react		deployments/glasslab-liquid-dom-master-1-liquid-dom-master-demo-three-react																		True	manually added from deployments	glasslab-liquid-dom-master-1-liquid-dom-master-demo-three-react
glasslab-liquid-dom-master-1-liquid-dom-master-demo-minimal			deployments/glasslab-liquid-dom-master-1-liquid-dom-master-demo-minimal		deployments/glasslab-liquid-dom-master-1-liquid-dom-master-demo-minimal																		True	manually added from deployments	glasslab-liquid-dom-master-1-liquid-dom-master-demo-minimal
glasslab-frontend-projects-main-frontend-projects-main-tictactoe-vanilla			deployments/glasslab-frontend-projects-main-frontend-projects-main-tictactoe-vanilla		deployments/glasslab-frontend-projects-main-frontend-projects-main-tictactoe-vanilla																		True	manually added from deployments	glasslab-frontend-projects-main-frontend-projects-main-tictactoe-vanilla
glasslab-liquid-glass-shader-liquid-glass-shader-src			deployments/glasslab-liquid-glass-shader-liquid-glass-shader-src		deployments/glasslab-liquid-glass-shader-liquid-glass-shader-src																		True	manually added from deployments	glasslab-liquid-glass-shader-liquid-glass-shader-src
glasslab-glass-refraction-master-1-glass-refraction-master-examples-vanilla			deployments/glasslab-glass-refraction-master-1-glass-refraction-master-examples-vanilla		deployments/glasslab-glass-refraction-master-1-glass-refraction-master-examples-vanilla																		True	manually added from deployments	glasslab-glass-refraction-master-1-glass-refraction-master-examples-vanilla
glasslab-frontend-projects-main-frontend-projects-main-prime-vue-project			deployments/glasslab-frontend-projects-main-frontend-projects-main-prime-vue-project		deployments/glasslab-frontend-projects-main-frontend-projects-main-prime-vue-project																		True	manually added from deployments	glasslab-frontend-projects-main-frontend-projects-main-prime-vue-project
glasslab-liquidgl-main-liquidgl-main			deployments/glasslab-liquidgl-main-liquidgl-main		deployments/glasslab-liquidgl-main-liquidgl-main																		True	manually added from deployments	glasslab-liquidgl-main-liquidgl-main
glasslab-liquid-dom-master-1-liquid-dom-master-demo-three-layout			deployments/glasslab-liquid-dom-master-1-liquid-dom-master-demo-three-layout		deployments/glasslab-liquid-dom-master-1-liquid-dom-master-demo-three-layout																		True	manually added from deployments	glasslab-liquid-dom-master-1-liquid-dom-master-demo-three-layout
glasslab-css-glass-main-css-glass-main			deployments/glasslab-css-glass-main-css-glass-main		deployments/glasslab-css-glass-main-css-glass-main																		True	manually added from deployments	glasslab-css-glass-main-css-glass-main
glasslab-frontend-projects-main-frontend-projects-main-task-manager-app			deployments/glasslab-frontend-projects-main-frontend-projects-main-task-manager-app		deployments/glasslab-frontend-projects-main-frontend-projects-main-task-manager-app																		True	manually added from deployments	glasslab-frontend-projects-main-frontend-projects-main-task-manager-app
glasslab-frontend-projects-main-frontend-projects-main-task-manager-app-client-public			deployments/glasslab-frontend-projects-main-frontend-projects-main-task-manager-app-client-public		deployments/glasslab-frontend-projects-main-frontend-projects-main-task-manager-app-client-public																		True	manually added from deployments	glasslab-frontend-projects-main-frontend-projects-main-task-manager-app-client-public
glasslab-liquid-glass-5-liquid-glass-src			deployments/glasslab-liquid-glass-5-liquid-glass-src		deployments/glasslab-liquid-glass-5-liquid-glass-src																		True	manually added from deployments	glasslab-liquid-glass-5-liquid-glass-src
glasslab-frontend-projects-main-frontend-projects-main-liquid-glass-vue			deployments/glasslab-frontend-projects-main-frontend-projects-main-liquid-glass-vue		deployments/glasslab-frontend-projects-main-frontend-projects-main-liquid-glass-vue																		True	manually added from deployments	glasslab-frontend-projects-main-frontend-projects-main-liquid-glass-vue
glasslab-7-css-main-7-css-main			deployments/glasslab-7-css-main-7-css-main		deployments/glasslab-7-css-main-7-css-main																		True	manually added from deployments	glasslab-7-css-main-7-css-main
glasslab-svg-liquid-glass-1-svg-liquid-glass-src			deployments/glasslab-svg-liquid-glass-1-svg-liquid-glass-src		deployments/glasslab-svg-liquid-glass-1-svg-liquid-glass-src																		True	manually added from deployments	glasslab-svg-liquid-glass-1-svg-liquid-glass-src
glasslab-press-starthot-wheels-aerial-pursuit-liquid-glass-navigation-press-starthot-wheels-aerial-pursuit-liquid-glass-navigation-src			deployments/glasslab-press-starthot-wheels-aerial-pursuit-liquid-glass-navigation-press-starthot-wheels-aerial-pursuit-liquid-glass-navigation-src		deployments/glasslab-press-starthot-wheels-aerial-pursuit-liquid-glass-navigation-press-starthot-wheels-aerial-pursuit-liquid-glass-navigation-src																		True	manually added from deployments	glasslab-press-starthot-wheels-aerial-pursuit-liquid-glass-navigation-press-starthot-wheels-aerial-p
glasslab-liquid-glass-fluid-movement-1-liquid-glass-fluid-movement-src			deployments/glasslab-liquid-glass-fluid-movement-1-liquid-glass-fluid-movement-src		deployments/glasslab-liquid-glass-fluid-movement-1-liquid-glass-fluid-movement-src																		True	manually added from deployments	glasslab-liquid-glass-fluid-movement-1-liquid-glass-fluid-movement-src
glasslab-liquid-glass-vue			deployments/glasslab-liquid-glass-vue		deployments/glasslab-liquid-glass-vue																		True	manually added from deployments	glasslab-liquid-glass-vue
glasslab-codepen-hdshy-rnravzr-liquid-glass-for-web			deployments/glasslab-codepen-hdshy-rnravzr-liquid-glass-for-web		deployments/glasslab-codepen-hdshy-rnravzr-liquid-glass-for-web																		True	manually added from deployments	glasslab-codepen-hdshy-rnravzr-liquid-glass-for-web
glasslab-liquid-glass-scroll-drag-configure-chromium-liquid-glass-scroll-drag-configure-chromium-src			deployments/glasslab-liquid-glass-scroll-drag-configure-chromium-liquid-glass-scroll-drag-configure-chromium-src		deployments/glasslab-liquid-glass-scroll-drag-configure-chromium-liquid-glass-scroll-drag-configure-chromium-src																		True	manually added from deployments	glasslab-liquid-glass-scroll-drag-configure-chromium-liquid-glass-scroll-drag-configure-chromium-src
glasslab-liquid-dom-master-1-liquid-dom-master-demo-three			deployments/glasslab-liquid-dom-master-1-liquid-dom-master-demo-three		deployments/glasslab-liquid-dom-master-1-liquid-dom-master-demo-three																		True	manually added from deployments	glasslab-liquid-dom-master-1-liquid-dom-master-demo-three
glasslab-select-dropdown-with-appearance-base-select-liquid-glass-1-select-dropdown-with-appearance-base-select-liquid-glass-src			deployments/glasslab-select-dropdown-with-appearance-base-select-liquid-glass-1-select-dropdown-with-appearance-base-select-liquid-glass-src		deployments/glasslab-select-dropdown-with-appearance-base-select-liquid-glass-1-select-dropdown-with-appearance-base-select-liquid-glass-src																		True	manually added from deployments	glasslab-select-dropdown-with-appearance-base-select-liquid-glass-1-select-dropdown-with-appearance-
glasslab-liquid-glass-js-main-liquid-glass-js-main			deployments/glasslab-liquid-glass-js-main-liquid-glass-js-main		deployments/glasslab-liquid-glass-js-main-liquid-glass-js-main																		True	manually added from deployments	glasslab-liquid-glass-js-main-liquid-glass-js-main
glasslab-cross-browser-liquid-toggle-drag-tap-cross-browser-liquid-toggle-drag-tap-src			deployments/glasslab-cross-browser-liquid-toggle-drag-tap-cross-browser-liquid-toggle-drag-tap-src		deployments/glasslab-cross-browser-liquid-toggle-drag-tap-cross-browser-liquid-toggle-drag-tap-src																		True	manually added from deployments	glasslab-cross-browser-liquid-toggle-drag-tap-cross-browser-liquid-toggle-drag-tap-src
glasslab-liquid-dom-master-1-liquid-dom-master			deployments/glasslab-liquid-dom-master-1-liquid-dom-master		deployments/glasslab-liquid-dom-master-1-liquid-dom-master																		True	manually added from deployments	glasslab-liquid-dom-master-1-liquid-dom-master
glasslab-liquid-glass-menu-liquid-glass-menu-src			deployments/glasslab-liquid-glass-menu-liquid-glass-menu-src		deployments/glasslab-liquid-glass-menu-liquid-glass-menu-src																		True	manually added from deployments	glasslab-liquid-glass-menu-liquid-glass-menu-src
glasslab-liquid-glass-6-liquid-glass-src			deployments/glasslab-liquid-glass-6-liquid-glass-src		deployments/glasslab-liquid-glass-6-liquid-glass-src																		True	manually added from deployments	glasslab-liquid-glass-6-liquid-glass-src
glasslab-frontend-projects-main-frontend-projects-main-advanced-javascript-class-word-guess-game-app			deployments/glasslab-frontend-projects-main-frontend-projects-main-advanced-javascript-class-word-guess-game-app		deployments/glasslab-frontend-projects-main-frontend-projects-main-advanced-javascript-class-word-guess-game-app																		True	manually added from deployments	glasslab-frontend-projects-main-frontend-projects-main-advanced-javascript-class-word-guess-game-app
glasslab-apple-liquid-glass-experiments-1-apple-liquid-glass-experiments-src			deployments/glasslab-apple-liquid-glass-experiments-1-apple-liquid-glass-experiments-src		deployments/glasslab-apple-liquid-glass-experiments-1-apple-liquid-glass-experiments-src																		True	manually added from deployments	glasslab-apple-liquid-glass-experiments-1-apple-liquid-glass-experiments-src
glasslab-liquid-glass-react-master-liquid-glass-react-master-liquid-glass-example			deployments/glasslab-liquid-glass-react-master-liquid-glass-react-master-liquid-glass-example		deployments/glasslab-liquid-glass-react-master-liquid-glass-react-master-liquid-glass-example																		True	manually added from deployments	glasslab-liquid-glass-react-master-liquid-glass-react-master-liquid-glass-example
glasslab-apple-liquid-glass-ui-2025-apple-liquid-glass-ui-2025-src			deployments/glasslab-apple-liquid-glass-ui-2025-apple-liquid-glass-ui-2025-src		deployments/glasslab-apple-liquid-glass-ui-2025-apple-liquid-glass-ui-2025-src																		True	manually added from deployments	glasslab-apple-liquid-glass-ui-2025-apple-liquid-glass-ui-2025-src
glasslab-frontend-projects-main-frontend-projects-main-weeklyhow-instantsearch			deployments/glasslab-frontend-projects-main-frontend-projects-main-weeklyhow-instantsearch		deployments/glasslab-frontend-projects-main-frontend-projects-main-weeklyhow-instantsearch																		True	manually added from deployments	glasslab-frontend-projects-main-frontend-projects-main-weeklyhow-instantsearch
glasslab-liquid-dom-master-1-liquid-dom-master-packages-core			deployments/glasslab-liquid-dom-master-1-liquid-dom-master-packages-core		deployments/glasslab-liquid-dom-master-1-liquid-dom-master-packages-core																		True	manually added from deployments	glasslab-liquid-dom-master-1-liquid-dom-master-packages-core
glasslab-liquid-glass-main-liquid-glass-main			deployments/glasslab-liquid-glass-main-liquid-glass-main		deployments/glasslab-liquid-glass-main-liquid-glass-main																		True	manually added from deployments	glasslab-liquid-glass-main-liquid-glass-main
glasslab-glass-model-1-glass-model-src			deployments/glasslab-glass-model-1-glass-model-src		deployments/glasslab-glass-model-1-glass-model-src																		True	manually added from deployments	glasslab-glass-model-1-glass-model-src
glasslab-frontend-projects-main-frontend-projects-main-advanced-javascript-class-word-guess-game-app-public			deployments/glasslab-frontend-projects-main-frontend-projects-main-advanced-javascript-class-word-guess-game-app-public		deployments/glasslab-frontend-projects-main-frontend-projects-main-advanced-javascript-class-word-guess-game-app-public																		True	manually added from deployments	glasslab-frontend-projects-main-frontend-projects-main-advanced-javascript-class-word-guess-game-app
glasslab-kube-liquid-glass-css-svg			deployments/glasslab-kube-liquid-glass-css-svg		deployments/glasslab-kube-liquid-glass-css-svg																		True	manually added from deployments	glasslab-kube-liquid-glass-css-svg
glasslab-pure-css-glassmorphism-liquid-glass-ui-kit-1-pure-css-glassmorphism-liquid-glass-ui-kit-src			deployments/glasslab-pure-css-glassmorphism-liquid-glass-ui-kit-1-pure-css-glassmorphism-liquid-glass-ui-kit-src		deployments/glasslab-pure-css-glassmorphism-liquid-glass-ui-kit-1-pure-css-glassmorphism-liquid-glass-ui-kit-src																		True	manually added from deployments	glasslab-pure-css-glassmorphism-liquid-glass-ui-kit-1-pure-css-glassmorphism-liquid-glass-ui-kit-src
glasslab-liquid-dom-master-1-liquid-dom-master-packages-three			deployments/glasslab-liquid-dom-master-1-liquid-dom-master-packages-three		deployments/glasslab-liquid-dom-master-1-liquid-dom-master-packages-three																		True	manually added from deployments	glasslab-liquid-dom-master-1-liquid-dom-master-packages-three
glasslab-liquid-glass-2-liquid-glass-src			deployments/glasslab-liquid-glass-2-liquid-glass-src		deployments/glasslab-liquid-glass-2-liquid-glass-src																		True	manually added from deployments	glasslab-liquid-glass-2-liquid-glass-src
glasslab-untitled-6-untitled-src			deployments/glasslab-untitled-6-untitled-src		deployments/glasslab-untitled-6-untitled-src																		True	manually added from deployments	glasslab-untitled-6-untitled-src
glasslab-liquid-glass-components-1-liquid-glass-components-src			deployments/glasslab-liquid-glass-components-1-liquid-glass-components-src		deployments/glasslab-liquid-glass-components-1-liquid-glass-components-src																		True	manually added from deployments	glasslab-liquid-glass-components-1-liquid-glass-components-src
glasslab-glass-button-css-only-1-glass-button-css-only-src			deployments/glasslab-glass-button-css-only-1-glass-button-css-only-src		deployments/glasslab-glass-button-css-only-1-glass-button-css-only-src																		True	manually added from deployments	glasslab-glass-button-css-only-1-glass-button-css-only-src
glasslab-glass-refraction-master-1-glass-refraction-master			deployments/glasslab-glass-refraction-master-1-glass-refraction-master		deployments/glasslab-glass-refraction-master-1-glass-refraction-master																		True	manually added from deployments	glasslab-glass-refraction-master-1-glass-refraction-master
glasslab-slider-button-liquid-glass-apple-ios-262025-slider-button-liquid-glass-apple-ios-262025-src			deployments/glasslab-slider-button-liquid-glass-apple-ios-262025-slider-button-liquid-glass-apple-ios-262025-src		deployments/glasslab-slider-button-liquid-glass-apple-ios-262025-slider-button-liquid-glass-apple-ios-262025-src																		True	manually added from deployments	glasslab-slider-button-liquid-glass-apple-ios-262025-slider-button-liquid-glass-apple-ios-262025-src
glasslab-liquid-dom-master-1-liquid-dom-master-packages-react			deployments/glasslab-liquid-dom-master-1-liquid-dom-master-packages-react		deployments/glasslab-liquid-dom-master-1-liquid-dom-master-packages-react																		True	manually added from deployments	glasslab-liquid-dom-master-1-liquid-dom-master-packages-react
glasslab-liquid-dom-master-1-liquid-dom-master-demo-showcase			deployments/glasslab-liquid-dom-master-1-liquid-dom-master-demo-showcase		deployments/glasslab-liquid-dom-master-1-liquid-dom-master-demo-showcase																		True	manually added from deployments	glasslab-liquid-dom-master-1-liquid-dom-master-demo-showcase
glasslab-liquid-glass-tainwildcss-1-liquid-glass-tainwildcss-src			deployments/glasslab-liquid-glass-tainwildcss-1-liquid-glass-tainwildcss-src		deployments/glasslab-liquid-glass-tainwildcss-1-liquid-glass-tainwildcss-src																		True	manually added from deployments	glasslab-liquid-glass-tainwildcss-1-liquid-glass-tainwildcss-src
glasslab-frontend-projects-main-frontend-projects-main-task-manager-app-client			deployments/glasslab-frontend-projects-main-frontend-projects-main-task-manager-app-client		deployments/glasslab-frontend-projects-main-frontend-projects-main-task-manager-app-client																		True	manually added from deployments	glasslab-frontend-projects-main-frontend-projects-main-task-manager-app-client
glasslab-liquid-glass-cubiq-liquid-glass-cubiq-src			deployments/glasslab-liquid-glass-cubiq-liquid-glass-cubiq-src		deployments/glasslab-liquid-glass-cubiq-liquid-glass-cubiq-src																		True	manually added from deployments	glasslab-liquid-glass-cubiq-liquid-glass-cubiq-src
glasslab-frontend-projects-main-frontend-projects-main-weeklyhow-custom-storefront			deployments/glasslab-frontend-projects-main-frontend-projects-main-weeklyhow-custom-storefront		deployments/glasslab-frontend-projects-main-frontend-projects-main-weeklyhow-custom-storefront																		True	manually added from deployments	glasslab-frontend-projects-main-frontend-projects-main-weeklyhow-custom-storefront
glasslab-liquid-glass-effect-liquid-glass-effect-src			deployments/glasslab-liquid-glass-effect-liquid-glass-effect-src		deployments/glasslab-liquid-glass-effect-liquid-glass-effect-src																		True	manually added from deployments	glasslab-liquid-glass-effect-liquid-glass-effect-src
glasslab-liquid-dom-master-1-liquid-dom-master-packages-layout			deployments/glasslab-liquid-dom-master-1-liquid-dom-master-packages-layout		deployments/glasslab-liquid-dom-master-1-liquid-dom-master-packages-layout																		True	manually added from deployments	glasslab-liquid-dom-master-1-liquid-dom-master-packages-layout
glasslab-liquid-dom-master-1-liquid-dom-master-packages-layout-playground			deployments/glasslab-liquid-dom-master-1-liquid-dom-master-packages-layout-playground		deployments/glasslab-liquid-dom-master-1-liquid-dom-master-packages-layout-playground																		True	manually added from deployments	glasslab-liquid-dom-master-1-liquid-dom-master-packages-layout-playground
glasslab-liquid-dom-master-1-liquid-dom-master-demo-three-r3f			deployments/glasslab-liquid-dom-master-1-liquid-dom-master-demo-three-r3f		deployments/glasslab-liquid-dom-master-1-liquid-dom-master-demo-three-r3f																		True	manually added from deployments	glasslab-liquid-dom-master-1-liquid-dom-master-demo-three-r3f
glasslab-frontend-projects-main-frontend-projects-main-vuetify-project			deployments/glasslab-frontend-projects-main-frontend-projects-main-vuetify-project		deployments/glasslab-frontend-projects-main-frontend-projects-main-vuetify-project																		True	manually added from deployments	glasslab-frontend-projects-main-frontend-projects-main-vuetify-project
glasslab-liquid-dom-master-1-liquid-dom-master-demo-blending			deployments/glasslab-liquid-dom-master-1-liquid-dom-master-demo-blending		deployments/glasslab-liquid-dom-master-1-liquid-dom-master-demo-blending																		True	manually added from deployments	glasslab-liquid-dom-master-1-liquid-dom-master-demo-blending
glasslab-liquid-glass-effect-wwdc25-liquid-glass-effect-wwdc25-src			deployments/glasslab-liquid-glass-effect-wwdc25-liquid-glass-effect-wwdc25-src		deployments/glasslab-liquid-glass-effect-wwdc25-liquid-glass-effect-wwdc25-src																		True	manually added from deployments	glasslab-liquid-glass-effect-wwdc25-liquid-glass-effect-wwdc25-src
